0, 0.836, 0, 0, -28
0, 0.836, 0, 0, -28
0, 0.836, 0, 12000, -28
0, 0.836, 0, 12000, -28
0, 0.836, 0, 12000, -28
0, 0.836, 0, 12000, 11972
0, 0.836, 0, 12000, 11972
0, 1.091, 0, 12000, 11972
0, 1.091, 0, 12000, 11972
0, 1.091, 0, 12000, 11972
0, 1.091, 0, 12000, 11972
0, 1.511, 0.805, 12000, 11972
0, 1.511, 0.805, 12000, 11970
0, 1.511, 0.805, 12000, 11970
0, 1.511, 0.805, 12000, 11966
0, 1.511, 0.805, 12000, 11966
0, 1.973, 1.123, 12000, 11960
0, 1.973, 1.123, 12000, 11948
0, 1.973, 1.123, 12000, 11948
0, 1.973, 1.123, 12000, 11920
0, 1.973, 1.123, 12000, 11920
0, 1.973, 1.123, 12000, 11908
0, 1.973, 1.123, 12000, 11908
0, 1.973, 1.123, 12000, 11888
0, 2.073, 1.155, 12000, 11888
0, 2.073, 1.155, 12000, 11864
0, 2.073, 1.155, 12000, 11848
0, 2.073, 1.155, 12000, 11848
0, 2.41, 1.478, 12000, 11822
0, 2.41, 1.478, 12000, 11822
0, 2.41, 1.478, 12000, 11776
0, 2.41, 1.478, 12000, 11756
0, 2.684, 1.413, 12000, 11756
0, 2.684, 1.413, 12000, 11728
0, 2.684, 1.413, 12000, 11728
0, 2.684, 1.413, 12000, 11694
0, 2.684, 1.413, 12000, 11694
0, 2.684, 1.413, 12000, 11674
0, 2.684, 1.413, 12000, 11640
0, 2.684, 1.413, 12000, 11640
0, 2.684, 1.413, 12000, 11576
0, 2.684, 1.413, 12000, 11576
0, 2.719, 1.74, 12000, 11554
0, 2.719, 1.74, 12000, 11554
0, 2.822, 1.873, 12000, 11518
0, 2.822, 1.873, 12000, 11496
0, 2.822, 1.873, 12000, 11496
0, 2.822, 1.873, 12000, 11472
0, 2.857, 1.939, 12000, 11472
0, 2.857, 1.939, 12000, 11438
0, 2.857, 1.939, 12000, 11402
0, 2.857, 1.939, 12000, 11402
0, 2.857, 1.939, 12000, 11340
0, 2.857, 1.939, 12000, 11340
0, 2.857, 1.939, 12000, 11304
0, 2.857, 1.939, 12000, 11304
0, 3.101, 1.973, 12000, 11282
0, 3.101, 1.973, 12000, 11282
0, 3.101, 1.973, 12000, 11244
0, 3.101, 1.973, 12000, 11244
0, 3.313, 2.039, 12000, 11184
0, 3.313, 2.039, 12000, 11160
0, 3.313, 2.039, 12000, 11160
0, 3.313, 2.039, 12000, 11136
0, 3.031, 2.547, 12000, 11136
0, 3.031, 2.547, 12000, 11098
0, 3.031, 2.547, 12000, 11098
0, 3.031, 2.547, 12000, 11062
0, 3.031, 2.547, 12000, 10998
0, 3.031, 2.547, 12000, 10998
0, 3.031, 2.547, 12000, 10998
0, 3.031, 2.547, 12000, 10962
0, 3.031, 2.547, 12000, 10938
0, 3.527, 2.753, 12000, 10938
0, 3.527, 2.753, 12000, 10900
0, 3.527, 2.753, 12000, 10900
0, 3.349, 2.719, 12000, 10840
0, 3.349, 2.719, 12000, 10840
0, 3.349, 2.719, 12000, 10816
0, 3.349, 2.719, 12000, 10792
0, 3.349, 2.719, 12000, 10792
0, 0.305, 2.547, 12000, 10754
0, 0.305, 2.547, 12000, 10754
0, 0.305, 2.547, 12000, 10718
0, 0.305, 2.547, 12000, 10678
0, 0.305, 2.547, 12000, 10678
0, 0.305, 2.547, 12000, 10654
0, 0.305, 2.547, 12000, 10654
0, 0.305, 2.547, 12000, 10618
0, 0.244, 3.42, 12000, 10558
0, 0.244, 3.42, 12000, 10558
0, 0.244, 3.42, 12000, 10558
0, 0.244, 3.42, 12000, 10558
0, 0.213, 4.069, 12000, 10496
0, 0.213, 4.069, 12000, 10460
0, 0.213, 4.069, 12000, 10460
0, 0.213, 4.069, 12000, 10438
0, 0, 4.327, 12000, 10438
0, 0, 4.327, 12000, 10400
0, 0, 4.327, 12000, 10400
0, 0, 4.327, 12000, 10364
0, 0, 4.327, 12000, 10302
0, 0, 4.216, 12000, 10302
0, 0, 4.216, 12000, 10278
0, 0, 4.216, 12000, 10278
0, 0, 4.216, 12000, 10242
0, 0, 4.216, 12000, 10242
0, 0, 4.216, 12000, 10220
0, 0, 4.216, 12000, 10220
0, 0, 4.327, 12000, 10146
0, 0, 4.327, 12000, 10146
0, 0, 4.327, 12000, 10124
0, 0, 4.327, 12000, 10124
0, 0, 4.327, 12000, 10100
0, 0, 4.364, 12000, 10064
0, 0, 4.364, 12000, 10064
0, 0, 4.364, 12000, 10030
0, 0, 4.364, 12000, 10030
0, 0, 4.927, 12000, 9968
0, 0, 4.927, 12000, 9968
0, 0, 4.927, 12000, 9944
0, 0, 4.927, 12000, 9908
0, 0, 4.927, 12000, 9908
0, 0, 4.927, 12000, 9908
0, 0, 4.927, 12000, 9886
0, 0, 4.927, 12000, 9814
0, 0, 4.513, 12000, 9814
0, 0, 4.513, 12000, 9790
0, 0, 4.513, 12000, 9790
0, 0, 4.513, 12000, 9768
0, 0, 4.439, 12000, 9768
0, 0, 4.439, 12000, 9732
0, 0, 4.439, 12000, 9696
0, 0, 4.439, 12000, 9696
0, 0, 4.401, 12000, 9636
0, 0, 4.401, 12000, 9636
0, 0, 4.401, 12000, 9614
0, 0, 4.401, 12000, 9614
0, 0, 4.401, 12000, 9576
0, 0, 4.401, 12000, 9576
0, 0, 4.401, 12000, 9554
0, 0, 4.401, 12000, 9554
0, 0, 4.588, 12000, 9484
0, 0, 4.588, 12000, 9484
0, 0, 4.588, 12000, 9566
0, 0, 4.588, 12000, 9436
0, 0, 4.663, 12000, 9436
0, 0, 4.663, 12000, 9402
0, 0, 4.663, 12000, 9402
0, 0, 4.663, 12000, 9366
0, 0, 4.663, 12000, 9304
0, 0, 4.738, 12000, 9304
0, 0, 4.738, 12000, 9304
0, 0, 4.738, 12000, 9304
0, 0, 4.738, 12000, 9244
0, 0, 4.738, 12000, 9244
0, 0, 4.738, 12000, 9222
0, 0, 4.738, 12000, 9184
0, 0, 4.738, 12000, 9184
0, 0, 4.814, 12000, 9150
0, 0, 4.814, 12000, 9126
0, 0, 4.814, 12000, 9126
0, 0, 4.814, 12000, 9088
0, 0, 4.776, 12000, 9088
0, 0, 4.776, 12000, 9052
0, 0, 4.776, 12000, 9052
0, 0, 4.776, 12000, 8994
0, 0, 4.776, 12000, 8966
0, 0, 4.776, 12000, 8966
0, 0, 4.776, 12000, 8930
0, 0, 4.776, 12000, 8930
0, 0, 4.776, 12000, 8906
0, 0, 4.776, 12000, 8906
0, 0, 4.776, 12000, 8870
0, 0, 4.776, 12000, 8870
0, 0, 4.927, 12000, 8810
0, 0, 4.927, 12000, 8784
0, 0, 4.927, 12000, 8784
0, 0, 4.927, 12000, 8748
0, 0, 4.927, 12000, 8748
0, 0, 5.08, 12000, 8712
0, 0, 5.08, 12000, 8712
0, 0, 5.08, 12000, 8688
0, 0, 5.042, 12000, 8610
0, 0, 5.042, 12000, 8610
0, 0, 5.042, 12000, 8586
0, 0, 5.042, 12000, 8586
0, 0, 5.042, 12000, 8562
0, 0, 5.042, 12000, 8562
0, 0, 5.042, 12000, 8524
0, 0, 5.042, 12000, 8524
0, 0, 5.272, 12000, 8462
0, 0, 5.272, 12000, 8462
0, 0, 5.272, 12000, 8438
0, 0, 5.272, 12000, 8400
0, 0, 5.311, 12000, 8400
0, 0, 5.311, 12000, 8364
0, 0, 5.311, 12000, 8364
0, 0, 5.311, 12000, 8338
0, 0, 5.311, 12000, 8302
0, 0, 5.427, 12000, 8302
0, 0, 5.427, 12000, 8260
0, 0, 5.427, 12000, 8260
0, 0, 5.427, 12000, 8198
0, 0, 5.427, 12000, 8198
0, 0, 5.427, 12000, 8172
0, 0, 5.427, 12000, 8172
0, 0, 5.427, 12000, 8134
0, 0, 5.349, 12000, 8110
0, 0, 5.349, 12000, 8110
0, 0, 5.349, 12000, 8072
0, 0, 5.349, 12000, 8072
0, 0, 5.349, 12000, 8072
0, 0, 5.466, 12000, 8032
0, 0, 5.466, 12000, 7972
0, 0, 5.466, 12000, 7972
0, 0, 5.466, 12000, 7946
0, 0, 5.466, 12000, 7946
0, 0, 5.466, 12000, 7880
0, 0, 5.466, 12000, 7880
0, 0, 5.466, 12000, 7842
0, 0, 5.466, 12000, 7842
0, 0, 5.466, 12000, 7816
0, 0, 5.466, 12000, 7816
0, 0, 5.466, 12000, 7752
0, 0, 5.466, 12000, 7726
0, 0, 5.466, 12000, 7726
0, 0, 5.466, 12000, 7690
0, 0, 5.504, 12000, 7690
0, 0, 5.504, 12000, 7664
0, 0, 5.504, 12000, 7626
0, 0, 5.504, 12000, 7626
0, 0, 5.582, 12000, 7590
0, 0, 5.582, 12000, 7590
0, 0, 5.582, 12000, 7562
0, 0, 5.582, 12000, 7562
0, 0, 5.582, 12000, 7484
0, 0, 5.582, 12000, 7460
0, 0, 5.582, 12000, 7460
0, 0, 5.582, 12000, 7434
0, 0, 5.582, 12000, 7434
0, 0, 5.621, 12000, 7396
0, 0, 5.621, 12000, 7358
0, 0, 5.621, 12000, 7358
0, 0, 5.621, 12000, 7332
0, 0, 5.621, 12000, 7332
0, 0, 5.621, 12000, 7294
0, 0, 5.621, 12000, 7256
0, 0, 5.621, 12000, 7256
0, 0, 5.7, 12000, 7192
0, 0, 5.7, 12000, 7192
0, 0, 5.7, 12000, 7154
0, 0, 5.7, 12000, 7154
0, 0, 5.7, 12000, 7130
0, 0, 5.7, 12000, 7130
0, 0, 5.7, 12000, 7104
0, 0, 5.7, 12000, 7030
0, 0, 5.778, 12000, 7030
0, 0, 5.778, 12000, 7006
0, 0, 5.778, 12000, 7006
0, 0, 5.778, 12000, 6980
0, 0, 5.739, 12000, 6944
0, 0, 5.739, 12000, 6944
0, 0, 5.739, 12000, 6906
0, 0, 5.739, 12000, 6906
0, 0, 5.661, 12000, 6882
0, 0, 5.661, 12000, 6882
0, 0, 5.661, 12000, 6846
0, 0, 5.661, 12000, 6846
0, 0, 5.661, 12000, 6782
0, 0, 5.661, 12000, 6782
0, 0, 5.661, 12000, 6758
0, 0, 5.661, 12000, 6758
0, 0, 5.739, 12000, 6684
0, 0, 5.739, 12000, 6660
0, 0, 5.739, 12000, 6660
0, 0, 5.739, 12000, 6636
0, 0, 5.739, 12000, 6636
0, 0, 5.739, 12000, 6598
0, 0, 5.739, 12000, 6598
0, 0, 5.739, 12000, 6562
0, 0, 5.739, 12000, 6538
0, 0, 5.778, 12000, 6538
0, 0, 5.778, 12000, 6538
0, 0, 5.778, 12000, 6464
0, 0, 5.778, 12000, 6440
0, 0, 5.778, 12000, 6440
0, 0, 5.778, 12000, 6414
0, 0, 5.778, 12000, 6414
0, 0, 5.778, 12000, 6344
0, 0, 5.661, 12000, 6344
0, 0, 5.661, 12000, 6320
0, 0, 5.661, 12000, 6296
0, 0, 5.661, 12000, 6296
0, 0, 5.661, 12000, 6260
0, 0, 5.621, 12000, 6260
0, 0, 5.621, 12000, 6224
0, 0, 5.621, 12000, 6202
0, 0, 5.621, 12000, 6202
0, 0, 5.621, 12000, 6202
0, 0, 5.621, 12000, 6166
0, 0, 5.621, 12000, 6104
0, 0, 5.621, 12000, 6104
0, 0, 5.621, 12000, 6082
0, 0, 5.621, 12000, 6082
0, 0, 5.621, 12000, 6046
0, 0, 5.857, 12000, 6010
0, 0, 5.857, 12000, 6010
0, 0, 5.857, 12000, 5986
0, 0, 5.857, 12000, 5952
0, 0, 5.897, 12000, 5952
0, 0, 5.897, 12000, 5916
0, 0, 5.897, 12000, 5916
0, 0, 5.897, 12000, 5892
0, 0, 5.818, 12000, 5822
0, 0, 5.818, 12000, 5822
0, 0, 5.818, 12000, 5796
0, 0, 5.818, 12000, 5796
0, 0, 5.818, 12000, 5760
0, 0, 5.818, 12000, 5738
0, 0, 5.818, 12000, 5738
0, 0, 5.818, 12000, 5702
0, 0, 5.818, 12000, 5702
0, 0, 5.661, 12000, 5678
0, 0, 5.661, 12000, 5678
0, 0, 5.661, 12000, 5644
0, 0, 5.661, 12000, 5608
0, 0, 5.7, 12000, 5608
0, 0, 5.7, 12000, 5584
0, 0, 5.7, 12000, 5584
0, 0, 5.7, 12000, 5514
0, 0, 5.621, 12000, 5514
0, 0, 5.621, 12000, 5492
0, 0, 5.621, 12000, 5492
0, 0, 5.621, 12000, 5466
0, 0, 5.621, 12000, 5430
0, 0, 5.621, 12000, 5430
0, 0, 5.621, 12000, 5394
0, 0, 5.621, 12000, 5394
0, 0, 5.543, 12000, 5336
0, 0, 5.543, 12000, 5314
0, 0, 5.543, 12000, 5314
0, 0, 5.543, 12000, 5278
0, 0, 5.504, 12000, 5278
0, 0, 5.504, 12000, 5278
0, 0, 5.504, 12000, 5254
0, 0, 5.504, 12000, 5218
0, 0, 5.466, 12000, 5182
0, 0, 5.466, 12000, 5182
0, 0, 5.466, 12000, 5160
0, 0, 5.466, 12000, 5160
0, 0, 5.466, 12000, 5088
0, 0, 5.466, 12000, 5088
0, 0, 5.466, 12000, 5088
0, 0, 5.466, 12000, 5062
0, 0, 5.349, 12000, 5038
0, 0, 5.349, 12000, 5038
0, 0, 5.349, 12000, 4968
0, 0, 5.349, 12000, 4944
0, 0, 5.195, 12000, 4944
0, 0, 5.195, 12000, 4920
0, 0, 5.195, 12000, 4886
0, 0, 5.195, 12000, 4886
0, 0, 5.157, 12000, 4886
0, 0, 5.157, 12000, 4850
0, 0, 5.157, 12000, 4850
0, 0, 5.157, 12000, 4826
0, 0, 5.157, 12000, 4752
0, 0, 5.157, 12000, 4752
0, 0, 5.157, 12000, 4752
0, 0, 5.157, 12000, 4728
0, 0, 5.157, 12000, 4668
0, 0, 5.388, 12000, 4668
0, 0, 5.388, 12000, 4644
0, 0, 5.388, 12000, 4620
0, 0, 5.388, 12000, 4620
0, 0, 5.233, 12000, 4584
0, 0, 5.233, 12000, 4584
0, 0, 5.233, 12000, 4548
0, 0, 5.233, 12000, 4548
0, 0, 5.272, 12000, 4512
0, 0, 5.272, 12000, 4512
0, 0, 5.272, 12000, 4490
0, 0, 5.272, 12000, 4490
0, 0, 5.272, 12000, 4414
0, 0, 5.272, 12000, 4414
0, 0, 5.272, 12000, 4500
0, 0, 5.272, 12000, 4500
0, 0, 5.311, 12000, 4330
0, 0, 5.311, 12000, 4308
0, 0, 5.311, 12000, 4308
0, 0, 5.311, 12000, 4282
0, 0, 5.311, 12000, 4282
0, 0, 5.311, 12000, 4246
0, 0, 5.311, 12000, 4246
0, 0, 5.311, 12000, 4184
0, 0, 5.311, 12000, 4148
0, 0, 5.233, 12000, 4148
0, 0, 5.233, 12000, 4124
0, 0, 5.233, 12000, 4124
0, 0, 5.233, 12000, 4086
0, 0, 5.233, 12000, 4086
0, 0, 5.233, 12000, 4062
0, 0, 5.233, 12000, 4062
0, 0, 5.195, 12000, 3990
0, 0, 5.195, 12000, 3990
0, 0, 5.195, 12000, 3964
0, 0, 5.195, 12000, 3964
0, 0, 5.272, 12000, 3904
0, 0, 5.272, 12000, 3904
0, 0, 5.272, 12000, 3880
0, 0, 5.272, 12000, 3844
0, 0, 5.272, 12000, 3844
0, 0, 5.157, 12000, 3820
0, 0, 5.157, 12000, 3820
0, 0, 5.157, 12000, 3784
0, 0, 5.157, 12000, 3746
0, 0, 5.157, 12000, 3746
0, 0, 5.157, 12000, 3746
0, 0, 5.157, 12000, 3722
0, 0, 5.157, 12000, 3650
0, 0, 5.195, 12000, 3650
0, 0, 5.195, 12000, 3650
0, 0, 5.195, 12000, 3626
0, 0, 5.195, 12000, 3566
0, 0, 5.157, 12000, 3566
0, 0, 5.157, 12000, 3540
0, 0, 5.157, 12000, 3540
0, 0, 5.157, 12000, 3504
0, 0, 5.118, 12000, 3480
0, 0, 5.118, 12000, 3480
0, 0, 5.118, 12000, 3444
0, 0, 5.118, 12000, 3444
0, 0, 5.118, 12000, 3406
0, 0, 5.118, 12000, 3406
0, 0, 5.118, 12000, 3382
0, 0, 5.118, 12000, 3310
0, 0, 5.118, 12000, 3310
0, 0, 5.118, 12000, 3286
0, 0, 5.118, 12000, 3286
0, 0, 5.118, 12000, 3264
0, 0, 5.118, 12000, 3226
0, 0, 5.118, 12000, 3226
0, 0, 5.118, 12000, 3192
0, 0, 5.118, 12000, 3192
0, 1.187, 5.08, 12000, 3168
0, 1.187, 5.08, 12000, 3132
0, 1.187, 5.08, 12000, 3132
0, 1.187, 5.08, 12000, 3096
0, 1.187, 5.08, 12000, 3096
0, 1.187, 5.08, 12000, 3036
0, 1.187, 5.08, 12000, 3036
0, 1.187, 5.08, 12000, 3012
0, 1.091, 4.776, 12000, 2976
0, 1.091, 4.776, 12000, 2976
0, 1.091, 4.776, 12000, 2976
0, 1.091, 4.776, 12000, 2954
0, 1.091, 4.776, 12000, 2882
0, 0.995, 4.738, 12000, 2882
0, 0.995, 4.738, 12000, 2966
0, 0.995, 4.738, 12000, 2836
0, 0.995, 4.738, 12000, 2836
0, 1.155, 4.663, 12000, 2802
0, 1.155, 4.663, 12000, 2802
0, 1.155, 4.663, 12000, 2768
0, 1.155, 4.663, 12000, 2742
0, 1.155, 4.663, 12000, 2742
0, 1.155, 4.663, 12000, 2742
0, 1.155, 4.663, 12000, 2708
0, 1.155, 4.663, 12000, 2650
0, 1.059, 4.701, 12000, 2650
0, 1.059, 4.701, 12000, 2650
0, 1.059, 4.701, 12000, 2628
0, 1.059, 4.701, 12000, 2558
0, 1.123, 4.625, 12000, 2558
0, 1.123, 4.625, 12000, 2536
0, 1.123, 4.625, 12000, 2536
0, 1.123, 4.625, 12000, 2514
0, 1.123, 4.625, 12000, 2514
0, 1.155, 4.701, 12000, 2478
0, 1.155, 4.701, 12000, 2458
0, 1.155, 4.701, 12000, 2458
0, 1.155, 4.701, 12000, 2388
0, 1.155, 4.701, 12000, 2388
0, 1.155, 4.701, 12000, 2364
0, 1.155, 4.701, 12000, 2364
0, 1.155, 4.439, 12000, 2330
0, 1.155, 4.439, 12000, 2330
0, 1.155, 4.439, 12000, 2310
0, 1.155, 4.439, 12000, 2310
0, 1.155, 4.439, 12000, 2252
0, 1.155, 4.327, 12000, 2252
0, 1.155, 4.327, 12000, 2232
0, 1.155, 4.327, 12000, 2196
0, 1.155, 4.327, 12000, 2196
0, 1.155, 4.106, 12000, 2164
0, 1.155, 4.106, 12000, 2164
0, 1.155, 4.106, 12000, 2142
0, 1.155, 4.106, 12000, 2142
0, 1.155, 4.106, 12000, 2086
0, 1.155, 4.106, 12000, 2086
0, 1.155, 4.106, 12000, 2052
0, 1.155, 4.106, 12000, 2030
0, 1.155, 4.069, 12000, 2030
0, 1.155, 4.069, 12000, 1996
0, 1.155, 4.069, 12000, 1996
0, 1.155, 4.069, 12000, 1942
0, 1.059, 4.18, 12000, 1942
0, 1.059, 4.18, 12000, 1920
0, 1.059, 4.18, 12000, 1886
0, 1.059, 4.18, 12000, 1886
0, 1.059, 4.29, 12000, 1854
0, 1.059, 4.29, 12000, 1854
0, 1.059, 4.29, 12000, 1800
0, 1.059, 4.29, 12000, 1800
0, 1.059, 4.29, 12000, 1778
0, 1.059, 4.29, 12000, 1778
0, 1.059, 4.29, 12000, 1744
0, 1.059, 4.29, 12000, 1744
0, 1.123, 4.439, 12000, 1722
0, 1.123, 4.439, 12000, 1722
0, 1.123, 4.439, 12000, 1690
0, 1.123, 4.439, 12000, 1636
0, 1.155, 4.513, 12000, 1636
0, 1.155, 4.513, 12000, 1614
0, 1.155, 4.513, 12000, 1614
0, 1.155, 4.513, 12000, 1580
0, 1.251, 4.327, 12000, 1548
0, 1.251, 4.327, 12000, 1548
0, 1.251, 4.327, 12000, 1528
0, 1.251, 4.327, 12000, 1528
0, 1.251, 4.18, 12000, 1494
0, 1.251, 4.18, 12000, 1458
0, 1.251, 4.18, 12000, 1458
0, 1.251, 4.18, 12000, 1406
0, 1.251, 4.18, 12000, 1406
0, 1.251, 4.18, 12000, 1384
0, 1.251, 4.18, 12000, 1384
0, 1.251, 4.18, 12000, 1352
0, 1.187, 4.106, 12000, 1328
0, 1.187, 4.106, 12000, 1328
0, 1.187, 4.106, 12000, 1296
0, 1.187, 4.106, 12000, 1296
0, 1.187, 4.106, 12000, 1264
0, 1.251, 4.106, 12000, 1242
0, 1.251, 4.106, 12000, 1242
0, 1.251, 4.106, 12000, 1208
0, 1.251, 4.106, 12000, 1208
0, 0.899, 3.67, 12000, 1208
0, 0.899, 3.67, 12000, 1152
0, 0.899, 3.67, 12000, 1132
0, 0.899, 3.67, 12000, 1132
0, 0.899, 3.67, 12000, 1098
0, 0.899, 3.67, 12000, 1098
0, 0.899, 3.67, 12000, 1066
0, 0.899, 3.67, 12000, 1012
0, 0.773, 3.349, 12000, 1012
0, 0.773, 3.349, 12000, 990
0, 0.773, 3.349, 12000, 990
0, 0.773, 3.349, 12000, 958
0, 0.71, 2.684, 12000, 958
0, 0.71, 2.684, 12000, 936
0, 0.71, 2.684, 12000, 936
0, 0.71, 2.684, 12000, 870
0, 0.616, 2.615, 12000, 946
0, 0.616, 2.615, 12000, 946
0, 0.616, 2.615, 12000, 826
0, 0.616, 2.615, 12000, 826
0, 0.616, 2.615, 12000, 792
0, 0.616, 2.615, 12000, 792
0, 0.616, 2.615, 12000, 772
0, 0.616, 2.615, 12000, 772
0, 0.647, 2.684, 12000, 706
0, 0.647, 2.684, 12000, 684
0, 0.647, 2.684, 12000, 684
0, 0.647, 2.684, 12000, 662
0, 0.522, 2.788, 12000, 662
0, 0.522, 2.788, 12000, 630
0, 0.522, 2.788, 12000, 630
0, 0.522, 2.788, 12000, 598
0, 0.554, 2.581, 12000, 544
0, 0.554, 2.581, 12000, 544
0, 0.554, 2.581, 12000, 544
0, 0.554, 2.581, 12000, 520
0, 0.554, 2.581, 12000, 488
0, 0.554, 2.581, 12000, 488
0, 0.554, 2.581, 12000, 466
0, 0.554, 2.581, 12000, 434
0, 0.554, 2.581, 12000, 434
0, 0.554, 2.581, 12000, 402
0, 0.554, 2.581, 12000, 402
0, 0.554, 2.581, 12000, 380
0, 0.554, 2.581, 12000, 314
0, 0.616, 2.615, 12000, 314
0, 0.616, 2.615, 12000, 314
0, 0.616, 2.615, 12000, 294
0, 0.616, 2.615, 12000, 272
0, 0.647, 2.547, 12000, 272
0, 0.647, 2.547, 12000, 244
0, 0.647, 2.547, 12000, 216
0, 0.647, 2.547, 12000, 216
0, 0.647, 2.547, 12000, 180
0, 0.647, 2.547, 12000, 180
0, 0.647, 2.547, 12000, 160
0, 0.647, 2.547, 12000, 160
0, 0.616, 2.581, 12000, 150
0, 0.616, 2.581, 12000, 150
0, 0.616, 2.581, 12000, 140
0, 0.616, 2.581, 12000, 140
0, 0.647, 2.444, 12000, 112
0, 0.647, 2.444, 12000, 112
0, 0.647, 2.444, 12000, 106
0, 0.647, 2.444, 12000, 102
0, 0.616, 2.241, 12000, 102
0, 0.616, 2.241, 12000, 96
0, 0.616, 2.241, 12000, 96
0, 0.616, 2.241, 12000, 96
0, 0.616, 2.241, 12000, 96
0, 0.616, 2.241, 12000, 96
0, 0.616, 2.241, 12000, 92
0, 0.616, 2.241, 12000, 92
0, 0.616, 2.275, 12000, 92
0, 0.616, 2.275, 12000, 92
0, 0.616, 2.275, 12000, 96
0, 0.616, 2.275, 12000, 88
0, 0.616, 2.275, 12000, 88
0, 0.616, 2.275, 12000, 82
0, 0.616, 2.275, 12000, 82
0, 0.616, 2.275, 12000, 76
0, 0.616, 2.275, 12000, 76
0, 0.616, 2.207, 12000, 60
0, 0.616, 2.207, 12000, 54
0, 0.616, 2.207, 12000, 54
0, 0.616, 2.207, 12000, 42
0, 0.616, 2.207, 12000, 42
0, 0.616, 2.207, 12000, 36
0, 0.616, 2.207, 12000, 36
0, 0.616, 2.207, 12000, 28
0, 0.616, 2.275, 12000, 20
0, 0.616, 2.275, 12000, 20
0, 0.616, 2.275, 12000, 16
0, 0.616, 2.275, 12000, 16
0, 0.585, 2.241, 12000, 4
0, 0.585, 2.241, 12000, 4
0, 0.585, 2.241, 12000, 2
0, 0.585, 2.241, 12000, 2
0, 0.585, 2.039, 12000, -2
0, 0.585, 2.039, 12000, -4
0, 0.585, 2.039, 12000, -4
0, 0.585, 2.039, 12000, -6
0, 0.585, 2.039, 12000, -6
0, 0.585, 2.039, 12000, -6
0, 0.585, 2.039, 12000, -6
0, 0.585, 2.039, 12000, -6
0, 0.616, 2.006, 12000, -6
0, 0.616, 2.006, 12000, -6
0, 0.616, 2.006, 12000, -6
0, 0.616, 2.006, 12000, -6
0, 0.585, 2.039, 12000, -4
0, 0.585, 2.039, 12000, -4
0, 0.585, 2.039, 12000, -4
0, 0.585, 2.039, 12000, 0
0, 0.491, 2.006, 12000, 0
0, 0.491, 2.006, 12000, 0
0, 0.491, 2.006, 12000, 0
0, 0.491, 2.006, 12000, 2
0, 0.491, 2.006, 12000, 2
0, 0.491, 2.006, 12000, 2
0, 0.491, 2.006, 12000, 4
0, 0.491, 2.006, 12000, 4
0, 0.367, 2.039, 12000, 6
0, 0.367, 2.039, 12000, 6
0, 0.367, 2.039, 12000, 10
0, 0.367, 2.039, 12000, 12
0, 0.46, 2.106, 12000, 12
0, 0.46, 2.106, 12000, 14
0, 0.46, 2.106, 12000, 14
0, 0.46, 2.106, 12000, 14
0, 0.46, 2.106, 12000, 14
0, 0.429, 2.14, 12000, 18
0, 0.429, 2.14, 12000, 18
0, 0.429, 2.14, 12000, 18
0, 0.429, 2.14, 12000, 20
0, 0.429, 2.14, 12000, 20
0, 0.429, 2.14, 12000, 24
0, 0.429, 2.14, 12000, 24
0, 0.429, 2.14, 12000, 26
0, 0.585, 2.174, 12000, 28
0, 0.585, 2.174, 12000, 28
0, 0.585, 2.174, 12000, 28
0, 0.585, 2.174, 12000, 30
0, 0.679, 2.106, 12000, 32
0, 0.679, 2.106, 12000, 32
0, 0.679, 2.106, 12000, 32
0, 0.679, 2.106, 12000, 32
0, 0.647, 2.006, 12000, 38
0, 0.647, 2.006, 12000, 40
0, 0.647, 2.006, 12000, 40
0, 0.647, 2.006, 12000, 40
0, 0.647, 2.006, 12000, 40
0, 0.647, 2.006, 12000, 42
0, 0.647, 2.006, 12000, 44
0, 0.647, 2.006, 12000, 44
0, 0.647, 2.006, 12000, 44
0, 0.647, 2.006, 12000, 44
0, 0.647, 2.006, 12000, 48
0, 0.647, 2.006, 12000, 48
0, 0.836, 2.039, 12000, 50
0, 0.836, 2.039, 12000, 50
0, 0.836, 2.039, 12000, 52
0, 0.836, 2.039, 12000, 52
0, 0.836, 2.039, 12000, 52
0, 0.836, 2.039, 12000, 52
0, 0.836, 2.039, 12000, 56
0, 0.836, 2.039, 12000, 56
0, 0.836, 2.039, 12000, 58
0, 0.836, 2.039, 12000, 58
0, 0.836, 2.275, 12000, 58
0, 0.836, 2.275, 12000, 60
0, 0.836, 2.275, 12000, 60
0, 1.123, 2.14, 12000, 60
0, 1.123, 2.14, 12000, 60
0, 1.123, 2.14, 12000, 66
0, 1.123, 2.14, 12000, 66
0, 1.123, 2.14, 12000, 68
0, 1.123, 2.14, 12000, 68
0, 1.123, 2.14, 12000, 68
0, 1.123, 2.14, 12000, 74
0, 0.398, 2.174, 12000, 74
0, 0.398, 2.174, 12000, 74
0, 0.398, 2.174, 12000, 74
0, 0.398, 2.174, 12000, 74
0, 0, 1.74, 12000, 78
0, 0, 1.74, 12000, 78
0, 0, 1.74, 12000, 78
0, 0, 1.74, 12000, 78
0, 0, 1.74, 12000, 80
0, 0, 1.642, 12000, 80
0, 0, 1.642, 12000, 82
0, 0, 1.642, 12000, 82
0, 0, 1.642, 12000, 84
0, 0, 1.642, 12000, 84
0, 0, 1.642, 12000, 86
0, 0, 1.642, 12000, 86
0, 0, 1.707, 12000, 88
0, 0, 1.707, 12000, 90
0, 0, 1.707, 12000, 90
0, 0, 1.707, 12000, 92
0, 0, 1.707, 12000, 92
0, 0, 1.642, 12000, 92
0, 0, 1.642, 12000, 92
0, 0, 1.642, 12000, 92
0, 0, 1.675, 12000, 92
0, 0, 1.675, 12000, 96
0, 0, 1.675, 12000, 96
0, 0, 1.675, 12000, 96
0, 0, 1.675, 12000, 96
0, 0, 1.675, 12000, 96
0, 0, 1.675, 12000, 96
0, 0, 1.675, 12000, 98
0, 0, 1.675, 12000, 100
0, 0, 1.446, 12000, 100
0, 0, 1.446, 12000, 102
0, 0, 1.446, 12000, 102
0, 0, 1.446, 12000, 102
0, 0, 1.543, 12000, 102
0, 0, 1.543, 12000, 102
0, 0, 1.543, 12000, 104
0, 0, 1.543, 12000, 104
0, 0, 1.446, 12000, 104
0, 0, 1.446, 12000, 104
0, 0, 1.446, 12000, 106
0, 0, 1.446, 12000, 106
0, 0, 1.446, 12000, 106
0, 0, 1.446, 12000, 106
0, 0, 1.446, 12000, 104
0, 0, 1.446, 12000, 104
0, 0, 1.576, 12000, 106
0, 0, 1.576, 12000, 108
0, 0, 1.576, 12000, 108
0, 0, 1.576, 12000, 108
0, 0, 1.576, 12000, 108
0, 0, 1.576, 12000, 108
0, 0, 1.576, 12000, 108
0, 0, 1.576, 12000, 108
0, 0, 1.576, 12000, 108
0, 0, 1.609, 12000, 108
0, 0, 1.609, 12000, 108
0, 0, 1.609, 12000, 108
0, 0, 1.609, 12000, 108
0, 0, 1.609, 12000, 108
0, 0, 1.609, 12000, 108
0, 0, 1.609, 12000, 108
0, 0, 1.609, 12000, 108
0, 0, 1.609, 12000, 108
0, 0, 1.609, 12000, 108
0, 0, 1.609, 12000, 108
0, 0, 1.609, 12000, 108
0, 0, 1.675, 12000, 108
0, 0, 1.675, 12000, 108
0, 0, 1.675, 12000, 110
0, 0, 1.675, 12000, 108
0, 0, 1.609, 12000, 108
0, 0, 1.609, 12000, 108
0, 0, 1.609, 12000, 108
0, 0, 1.609, 12000, 108
0, 0, 1.609, 12000, 110
0, 0, 1.609, 12000, 110
0, 0, 1.609, 12000, 108
0, 0, 1.609, 12000, 110
0, 0, 1.609, 12000, 110
0, 0, 1.609, 12000, 108
0, 0, 1.609, 12000, 108
0, 0, 1.609, 12000, 108
0, 0.121, 1.609, 12000, 110
0, 0.121, 1.609, 12000, 110
0, 0.121, 1.609, 12000, 110
0, 0.121, 1.609, 12000, 110
0, 0.46, 1.642, 12000, 110
0, 0.46, 1.642, 12000, 110
0, 0.46, 1.642, 12000, 110
0, 0.46, 1.642, 12000, 110
0, 0.46, 1.642, 12000, 110
0, 0.46, 1.642, 12000, 110
0, 0.46, 1.642, 12000, 110
0, 0.46, 1.642, 12000, 110
0, 0.522, 1.576, 12000, 110
0, 0.522, 1.576, 12000, 110
0, 0.522, 1.576, 12000, 110
0, 0.522, 1.576, 12000, 110
0, 0.742, 1.642, 12000, 110
0, 0.742, 1.642, 12000, 110
0, 0.742, 1.642, 12000, 110
0, 0.742, 1.642, 12000, 112
0, 0.773, 1.642, 12000, 112
0, 0.773, 1.642, 12000, 112
0, 0.773, 1.642, 12000, 112
0, 0.773, 1.642, 12000, 112
0, 0.773, 1.642, 12000, 112
0, 0.773, 1.642, 12000, 112
0, 0.773, 1.642, 12000, 112
0, 0.773, 1.642, 12000, 112
0, 0.773, 1.642, 12000, 112
0, 0.805, 1.642, 12000, 112
0, 0.805, 1.642, 12000, 112
0, 0.805, 1.642, 12000, 112
0, 0.805, 1.642, 12000, 110
0, 0.836, 1.642, 12000, 110
0, 0.836, 1.642, 12000, 110
0, 0.836, 1.642, 12000, 110
0, 0.836, 1.642, 12000, 110
0, 0.868, 1.576, 12000, 112
0, 0.868, 1.576, 12000, 112
0, 0.868, 1.576, 12000, 112
0, 0.868, 1.576, 12000, 112
0, 0.868, 1.576, 12000, 110
0, 0.868, 1.576, 12000, 110
0, 0.868, 1.576, 12000, 112
0, 0.868, 1.576, 12000, 112
0, 0.868, 1.576, 12000, 112
0, 0.868, 1.576, 12000, 112
0, 0.868, 1.576, 12000, 112
0, 0.868, 1.576, 12000, 112
0, 0.899, 1.642, 12000, 112
0, 0.899, 1.642, 12000, 112
0, 0.899, 1.642, 12000, 112
0, 0.899, 1.642, 12000, 112
0, 0.899, 1.609, 12000, 112
0, 0.899, 1.609, 12000, 112
0, 0.899, 1.609, 12000, 112
0, 0.899, 1.609, 12000, 112
0, 0.899, 1.609, 12000, 112
0, 0.899, 1.609, 12000, 112
0, 0.899, 1.609, 12000, 112
0, 0.899, 1.609, 12000, 112
0, 0.899, 1.609, 12000, 112
0, 0.931, 1.609, 12000, 112
0, 0.931, 1.609, 12000, 112
0, 0.931, 1.609, 12000, 114
0, 1.123, 1.642, 12000, 114
0, 1.123, 1.642, 12000, 112
0, 1.123, 1.642, 12000, 112
0, 1.123, 1.642, 12000, 112
0, 1.123, 1.642, 12000, 114
0, 1.123, 1.642, 12000, 114
0, 1.123, 1.642, 12000, 114
0, 1.123, 1.642, 12000, 114
0, 1.123, 1.642, 12000, 114
0, 1.123, 1.642, 12000, 114
0, 1.123, 1.642, 12000, 114
0, 1.123, 1.642, 12000, 114
0, 1.123, 1.642, 12000, 114
0, 1.123, 1.609, 12000, 114
0, 1.123, 1.609, 12000, 114
0, 1.123, 1.609, 12000, 112
0, 1.123, 1.609, 12000, 114
0, 1.091, 1.609, 12000, 114
0, 1.091, 1.609, 12000, 112
0, 1.091, 1.609, 12000, 112
0, 1.091, 1.609, 12000, 114
0, 1.155, 1.576, 12000, 114
0, 1.155, 1.576, 12000, 114
0, 1.155, 1.576, 12000, 114
0, 1.155, 1.576, 12000, 114
0, 1.155, 1.576, 12000, 114
0, 1.155, 1.576, 12000, 114
0, 1.155, 1.576, 12000, 114
0, 1.155, 1.576, 12000, 114
0, 1.155, 1.576, 12000, 116
0, 1.123, 1.609, 12000, 116
0, 1.123, 1.609, 12000, 114
0, 1.123, 1.609, 12000, 114
0, 1.123, 1.543, 12000, 114
0, 1.123, 1.543, 12000, 114
0, 1.123, 1.543, 12000, 114
0, 1.123, 1.543, 12000, 116
0, 1.123, 1.543, 12000, 114
0, 1.123, 1.576, 12000, 114
0, 1.123, 1.576, 12000, 114
0, 1.123, 1.576, 12000, 114
0, 1.123, 1.576, 12000, 116
0, 1.123, 1.576, 12000, 116
0, 1.123, 1.576, 12000, 116
0, 1.123, 1.576, 12000, 116
0, 1.123, 1.576, 12000, 116
0, 1.123, 1.609, 12000, 116
0, 1.123, 1.609, 12000, 116
0, 1.123, 1.609, 12000, 116
0, 1.155, 1.576, 12000, 116
0, 1.155, 1.576, 12000, 116
0, 1.155, 1.576, 12000, 116
0, 1.155, 1.576, 12000, 116
0, 1.155, 1.576, 12000, 116
0, 1.155, 1.543, 12000, 116
0, 1.155, 1.543, 12000, 116
0, 1.155, 1.543, 12000, 116
0, 1.155, 1.543, 12000, 116
0, 1.155, 1.543, 12000, 116
0, 1.155, 1.543, 12000, 116
0, 1.155, 1.543, 12000, 116
0, 1.155, 1.543, 12000, 116
0, 1.155, 1.543, 12000, 116
0, 1.187, 1.543, 12000, 116
0, 1.187, 1.543, 12000, 116
0, 1.187, 1.543, 12000, 116
0, 1.187, 1.543, 12000, 116
0, 1.187, 1.478, 12000, 116
0, 1.187, 1.478, 12000, 116
0, 1.187, 1.478, 12000, 116
0, 1.155, 1.543, 12000, 116
0, 1.155, 1.543, 12000, 116
0, 1.155, 1.543, 12000, 116
0, 1.155, 1.543, 12000, 116
0, 1.123, 1.511, 12000, 116
0, 1.123, 1.511, 12000, 116
0, 1.123, 1.511, 12000, 116
0, 1.123, 1.511, 12000, 116
0, 1.123, 1.511, 12000, 116
0, 1.123, 1.511, 12000, 116
0, 1.123, 1.511, 12000, 116
0, 1.123, 1.511, 12000, 116
0, 1.155, 1.511, 12000, 118
0, 1.155, 1.511, 12000, 118
0, 1.155, 1.511, 12000, 118
0, 1.155, 1.511, 12000, 118
0, 1.155, 1.511, 12000, 118
0, 1.251, 1.543, 12000, 116
0, 1.251, 1.543, 12000, 116
0, 1.251, 1.543, 12000, 118
0, 1.251, 1.543, 12000, 118
0, 1.251, 1.543, 12000, 118
0, 1.251, 1.543, 12000, 118
0, 1.251, 1.543, 12000, 118
0, 1.251, 1.543, 12000, 118
0, 1.251, 1.543, 12000, 118
0, 1.251, 1.543, 12000, 118
0, 1.251, 1.543, 12000, 120
0, 1.251, 1.543, 12000, 120
0, 1.251, 1.543, 12000, 118
0, 1.283, 1.511, 12000, 118
0, 1.283, 1.511, 12000, 118
0, 1.283, 1.511, 12000, 118
0, 1.283, 1.478, 12000, 118
0, 1.283, 1.478, 12000, 118
0, 1.283, 1.478, 12000, 118
0, 1.283, 1.478, 12000, 118
0, 1.283, 1.478, 12000, 118
0, 1.511, 1.478, 12000, 120
0, 1.511, 1.478, 12000, 120
0, 1.511, 1.478, 12000, 120
0, 1.511, 1.478, 12000, 120
0, 1.511, 1.478, 12000, 120
0, 1.511, 1.478, 12000, 120
0, 1.511, 1.478, 12000, 120
0, 1.446, 1.511, 12000, 118
0, 1.446, 1.511, 12000, 120
0, 1.446, 1.511, 12000, 120
0, 1.446, 1.511, 12000, 120
0, 1.446, 1.511, 12000, 120
0, 1.478, 1.576, 12000, 118
0, 1.478, 1.576, 12000, 118
0, 1.478, 1.576, 12000, 120
0, 1.478, 1.576, 12000, 120
0, 1.511, 1.609, 12000, 120
0, 1.511, 1.609, 12000, 120
0, 1.511, 1.609, 12000, 120
0, 1.511, 1.609, 12000, 120
0, 1.511, 1.609, 12000, 120
0, 1.511, 1.609, 12000, 120
0, 1.511, 1.609, 12000, 120
0, 1.511, 1.642, 12000, 120
0, 1.511, 1.642, 12000, 120
0, 1.511, 1.642, 12000, 120
0, 1.511, 1.642, 12000, 120
0, 1.511, 1.642, 12000, 120
0, 1.543, 1.675, 12000, 120
0, 1.543, 1.675, 12000, 120
0, 1.543, 1.675, 12000, 120
0, 1.543, 1.675, 12000, 122
0, 1.543, 1.413, 12000, 122
0, 1.543, 1.413, 12000, 122
0, 1.543, 1.413, 12000, 120
0, 1.543, 1.413, 12000, 120
0, 1.543, 1.413, 12000, 120
0, 1.543, 1.413, 12000, 120
0, 1.543, 1.413, 12000, 120
0, 1.543, 1.413, 12000, 120
0, 1.576, 1.642, 12000, 120
0, 1.576, 1.642, 12000, 122
0, 1.576, 1.642, 12000, 122
0, 1.576, 1.642, 12000, 122
0, 2.073, 1.675, 12000, 120
0, 2.073, 1.675, 12000, 120
0, 2.073, 1.675, 12000, 122
0, 2.073, 1.675, 12000, 122
0, 1.84, 2.006, 12000, 122
0, 1.84, 2.006, 12000, 122
0, 1.84, 2.006, 12000, 122
0, 1.84, 2.006, 12000, 122
0, 1.84, 2.006, 12000, 122
0, 1.84, 2.006, 12000, 122
0, 1.84, 2.006, 12000, 122
0, 1.84, 2.006, 12000, 122
0, 2.106, 2.857, 12000, 122
0, 2.106, 2.857, 12000, 122
0, 2.106, 2.857, 12000, 122
0, 2.106, 2.857, 12000, 122
0, 2.039, 3.384, 12000, 122
0, 2.039, 3.384, 12000, 122
0, 2.039, 3.384, 12000, 122
0, 2.039, 3.384, 12000, 122
0, 2.039, 3.384, 12000, 122
0, 2.106, 3.923, 12000, 122
0, 2.106, 3.923, 12000, 122
0, 2.106, 3.923, 12000, 122
0, 2.106, 3.923, 12000, 122
0, 2.106, 3.923, 12000, 122
0, 2.106, 3.923, 12000, 124
0, 2.106, 3.923, 12000, 122
0, 2.106, 3.923, 12000, 122
0, 1.543, 4.106, 12000, 122
0, 1.543, 4.106, 12000, 122
0, 1.543, 4.106, 12000, 122
0, 1.543, 4.106, 12000, 124
0, 1.511, 4.701, 12000, 124
0, 1.511, 4.701, 12000, 124
0, 1.511, 4.701, 12000, 124
0, 1.511, 4.701, 12000, 124
0, 1.316, 5.195, 12000, 124
0, 1.316, 5.195, 12000, 124
0, 1.316, 5.195, 12000, 124
0, 1.316, 5.195, 12000, 124
0, 1.316, 5.195, 12000, 124
0, 1.316, 5.195, 12000, 124
0, 1.316, 5.195, 12000, 124
0, 1.316, 5.195, 12000, 124
0, 1.84, 5.818, 12000, 124
0, 1.84, 5.818, 12000, 124
0, 1.84, 5.818, 12000, 124
0, 1.84, 5.818, 12000, 124
0, 2.14, 7.031, 12000, 124
0, 2.14, 7.031, 12000, 124
0, 2.14, 7.031, 12000, 124
0, 2.14, 7.031, 12000, 124
0, 2.14, 7.114, 12000, 124
0, 2.14, 7.114, 12000, 124
0, 2.14, 7.114, 12000, 124
0, 2.14, 7.114, 12000, 124
0, 2.14, 7.114, 12000, 124
0, 2.14, 7.114, 12000, 124
0, 2.14, 7.114, 12000, 124
0, 2.14, 7.114, 12000, 124
0, 0, 8.568, 12000, 124
0, 0, 8.568, 12000, 124
0, 0, 8.568, 12000, 124
0, 0, 8.568, 12000, 124
0, 0, 8.568, 12000, 124
0, 0, 9.464, 12000, 124
0, 0, 9.464, 12000, 124
0, 0, 9.464, 12000, 124
0, 0, 9.464, 12000, 124
0, 0, 10.437, 12000, 124
0, 0, 10.437, 12000, 126
0, 0, 10.437, 12000, 126
0, 0, 10.437, 12000, 124
0, 0, 10.437, 12000, 124
0, 0, 10.437, 12000, 124
0, 0, 10.437, 12000, 124
0, 0, 10.437, 12000, 124
0, 5.897, 11.3, 12000, 124
0, 5.897, 11.3, 12000, 124
0, 5.897, 11.3, 12000, 126
0, 5.897, 11.3, 12000, 124
0, 5.897, 11.3, 12000, 124
0, 6.742, 12.646, 12000, 124
0, 6.742, 12.646, 12000, 124
0, 6.742, 12.646, 12000, 124
0, 6.742, 12.646, 12000, 124
0, 7.072, 13.474, 12000, 124
0, 7.072, 13.474, 12000, 124
0, 7.072, 13.474, 12000, 124
0, 7.072, 13.474, 12000, 124
0, 7.072, 13.474, 12000, 124
0, 7.072, 13.474, 12000, 124
0, 7.072, 13.474, 12000, 124
0, 6.907, 14.218, 12000, 124
0, 6.907, 14.218, 12000, 126
0, 6.907, 14.218, 12000, 126
0, 6.907, 14.218, 12000, 126
0, 0, 14.326, 12000, 126
0, 0, 14.326, 12000, 126
0, 0, 14.326, 12000, 126
0, 0, 14.326, 12000, 126
0, 0, 14.326, 12000, 124
0, 0, 15.425, 12000, 126
0, 0, 15.425, 12000, 126
0, 0, 15.425, 12000, 126
0, 0, 15.425, 12000, 126
0, 0, 15.425, 12000, 126
0, 0, 15.425, 12000, 126
0, 0, 15.425, 12000, 126
0, 0, 16.447, 12000, 126
0, 0, 16.447, 12000, 126
0, 0, 16.447, 12000, 126
0, 0, 16.447, 12000, 126
0, 0, 16.447, 12000, 126
0, 0, 18.165, 12000, 126
0, 0, 18.165, 12000, 128
0, 0, 18.165, 12000, 128
0, 0, 18.165, 12000, 128
0, 0, 18.654, 12000, 126
0, 0, 18.654, 12000, 126
0, 0, 18.654, 12000, 126
0, 0, 18.654, 12000, 128
0, 0, 18.654, 12000, 128
0, 0, 18.654, 12000, 128
0, 0, 18.654, 12000, 128
0, 0, 18.654, 12000, 128
0, 0, 19.401, 12000, 126
0, 0, 19.401, 12000, 126
0, 0, 19.401, 12000, 128
0, 0, 19.401, 12000, 128
0, 0, 20.293, 12000, 128
0, 0, 20.293, 12000, 128
0, 0, 20.293, 12000, 128
0, 0, 20.293, 12000, 128
0, 0, 20.943, 12000, 128
0, 0, 20.943, 12000, 128
0, 0, 20.943, 12000, 128
0, 0, 20.943, 12000, 128
0, 0, 20.943, 12000, 128
0, 0, 20.943, 12000, 128
0, 0, 20.943, 12000, 128
0, 0, 20.943, 12000, 128
0, 0, 21.339, 12000, 128
0, 0, 21.339, 12000, 128
0, 0, 21.339, 12000, 128
0, 0, 21.339, 12000, 128
0, 0, 21.805, 12000, 128
0, 0, 21.805, 12000, 128
0, 0, 21.805, 12000, 128
0, 0, 21.805, 12000, 128
0, 0, 21.805, 12000, 128
0, 0, 22.962, 12000, 130
0, 0, 22.962, 12000, 130
0, 0, 22.962, 12000, 130
0, 0, 22.962, 12000, 128
0, 0, 22.962, 12000, 128
0, 0, 22.962, 12000, 128
0, 0, 22.962, 12000, 128
0, 0, 22.962, 12000, 128
0, 0, 24.294, 12000, 128
0, 0, 24.294, 12000, 128
0, 0, 24.294, 12000, 128
0, 0, 24.294, 12000, 128
0, 0, 24.437, 12000, 130
0, 0, 24.437, 12000, 130
0, 0, 24.437, 12000, 128
0, 0, 24.437, 12000, 130
0, 0, 25.375, 12000, 130
0, 0, 25.375, 12000, 130
0, 0, 25.375, 12000, 130
0, 0, 25.375, 12000, 130
0, 0, 25.375, 12000, 130
0, 0, 25.375, 12000, 128
0, 0, 25.375, 12000, 130
0, 0, 25.375, 12000, 130
0, 0, 25.742, 12000, 130
0, 0, 25.742, 12000, 128
0, 0, 25.742, 12000, 128
0, 0, 25.742, 12000, 130
0, 0, 26.037, 12000, 130
0, 0, 26.037, 12000, 130
0, 0, 26.037, 12000, 130
0, 0, 26.037, 12000, 130
0, 0, 26.857, 12000, 130
0, 0, 26.857, 12000, 130
0, 0, 26.857, 12000, 130
0, 0, 26.857, 12000, 130
0, 0, 26.857, 12000, 130
0, 0, 26.857, 12000, 130
0, 0, 26.857, 12000, 130
0, 0, 26.857, 12000, 130
0, 0, 27.083, 12000, 130
0, 0, 27.083, 12000, 130
0, 0, 27.083, 12000, 130
0, 0, 27.083, 12000, 130
0, 0, 27.083, 12000, 130
0, 0, 27.311, 12000, 130
0, 0, 27.311, 12000, 130
0, 0, 27.311, 12000, 130
0, 0, 27.311, 12000, 130
0, 0, 27.692, 12000, 130
0, 0, 27.692, 12000, 130
0, 0, 27.692, 12000, 132
0, 0, 27.692, 12000, 130
0, 0, 27.692, 12000, 130
0, 0, 27.692, 12000, 130
0, 0, 27.692, 12000, 130
0, 0, 27.692, 12000, 132
0, 0, 27.692, 12000, 132
0, 0, 28.152, 12000, 132
0, 0, 28.152, 12000, 132
0, 0, 28.152, 12000, 130
0, 0, 28.152, 12000, 130
0, 0, 28.384, 12000, 130
0, 0, 28.384, 12000, 130
0, 0, 28.384, 12000, 130
0, 0, 28.695, 12000, 132
0, 0, 28.695, 12000, 132
0, 0, 28.695, 12000, 132
0, 0, 28.695, 12000, 132
0, 0, 28.695, 12000, 132
0, 0, 28.695, 12000, 132
0, 0, 28.695, 12000, 130
0, 0, 28.695, 12000, 130
0, 0, 28.851, 12000, 130
0, 0, 28.851, 12000, 130
0, 0, 28.851, 12000, 130
0, 0, 28.851, 12000, 130
0, 0, 29.4, 12000, 132
0, 0, 29.4, 12000, 132
0, 0, 29.4, 12000, 132
0, 0, 29.4, 12000, 132
0, 0, 29.796, 12000, 132
0, 0, 29.796, 12000, 132
0, 0, 29.796, 12000, 132
0, 0, 29.796, 12000, 132
0, 0, 29.796, 12000, 132
0, 0, 29.796, 12000, 132
0, 0, 29.796, 12000, 132
0, 0, 29.796, 12000, 132
0, 0, 29.796, 12000, 132
0.121, 0, 29.796, 12000, 132
0.121, 0, 29.796, 12000, 132
0.121, 0, 29.796, 12000, 132
0.121, 0, 29.796, 12000, 132
0.121, 0, 29.955, 12000, 132
0.121, 0, 29.955, 12000, 134
0.121, 0, 29.955, 12000, 134
0.121, 0, 29.955, 12000, 132
0.152, 0, 29.955, 12000, 132
0.152, 0, 29.955, 12000, 132
0.152, 0, 29.955, 12000, 132
0.152, 0, 29.955, 12000, 132
0.152, 0, 29.955, 12000, 132
0.152, 0, 29.955, 12000, 132
0.152, 0, 29.955, 12000, 132
0.152, 0, 29.955, 12000, 132
0.183, 0, 30.114, 12000, 132
0.183, 0, 30.114, 12000, 134
0.183, 0, 30.114, 12000, 134
0.183, 0, 30.114, 12000, 134
0.152, 0, 30.514, 12000, 134
0.152, 0, 30.514, 12000, 134
0.152, 0, 30.514, 12000, 134
0.152, 0, 30.514, 12000, 134
0.213, 0, 30.514, 12000, 132
0.213, 0, 30.514, 12000, 132
0.213, 0, 30.514, 12000, 134
0.213, 0, 30.514, 12000, 134
0.213, 0, 30.514, 12000, 134
0.213, 0, 30.514, 12000, 132
0.213, 0, 30.514, 12000, 132
0.213, 0, 30.514, 12000, 132
0.275, 0, 30.755, 12000, 132
0.275, 0, 30.755, 12000, 132
0.275, 0, 30.755, 12000, 132
0.275, 0, 30.755, 12000, 134
0.275, 0, 30.755, 12000, 134
0.336, 0, 30.997, 12000, 134
0.336, 0, 30.997, 12000, 134
0.336, 0, 30.997, 12000, 132
0.336, 0, 30.997, 12000, 132
0.367, 0, 30.997, 12000, 134
0.367, 0, 30.997, 12000, 134
0.367, 0, 30.997, 12000, 134
0.367, 0, 30.997, 12000, 134
0.367, 0, 30.997, 12000, 134
0.367, 0, 30.997, 12000, 134
0.367, 0, 30.997, 12000, 134
0.367, 0, 30.997, 12000, 134
0.398, 0, 30.997, 12000, 134
0.398, 0, 30.997, 12000, 134
0.398, 0, 30.997, 12000, 134
0.398, 0, 30.997, 12000, 134
0.429, 0, 31.24, 12000, 134
0.429, 0, 31.24, 12000, 134
0.429, 0, 31.24, 12000, 134
0.429, 0, 31.24, 12000, 134
0.398, 0, 31.403, 12000, 134
0.398, 0, 31.403, 12000, 134
0.398, 0, 31.403, 12000, 134
0.398, 0, 31.403, 12000, 134
0.398, 0, 31.403, 12000, 134
0.398, 0, 31.403, 12000, 134
0.398, 0, 31.403, 12000, 134
0.398, 0, 31.403, 12000, 134
0.429, 0, 31.566, 12000, 134
0.429, 0, 31.566, 12000, 134
0.429, 0, 31.566, 12000, 136
0.429, 0, 31.566, 12000, 136
0.46, 0, 31.974, 12000, 136
0.46, 0, 31.974, 12000, 136
0.46, 0, 31.974, 12000, 136
0.46, 0, 31.974, 12000, 134
0.46, 0, 31.974, 12000, 134
0.46, 0, 31.974, 12000, 136
0.46, 0, 31.974, 12000, 136
0.46, 0, 31.974, 12000, 134
0.46, 0, 31.974, 12000, 136
0.46, 0, 31.974, 12000, 136
0.46, 0, 31.974, 12000, 136
0.46, 0, 31.974, 12000, 136
0.46, 0, 32.303, 12000, 136
0.46, 0, 32.303, 12000, 136
0.46, 0, 32.303, 12000, 136
0.46, 0, 32.303, 12000, 136
0.46, 0, 32.303, 12000, 136
0.46, 0, 32.385, 12000, 136
0.46, 0, 32.385, 12000, 136
0.46, 0, 32.385, 12000, 136
0.46, 0, 32.385, 12000, 136
0.46, 0, 32.385, 12000, 138
0.46, 0, 32.303, 12000, 138
0.46, 0, 32.303, 12000, 138
0.46, 0, 32.303, 12000, 136
0.46, 0, 32.303, 12000, 136
0.46, 0, 32.303, 12000, 136
0.46, 0, 32.303, 12000, 136
0.46, 0, 32.303, 12000, 136
0.491, 0, 32.716, 12000, 136
0.491, 0, 32.716, 12000, 136
0.491, 0, 32.716, 12000, 136
0.491, 0, 32.716, 12000, 136
0.522, 0, 32.716, 12000, 136
0.522, 0, 32.716, 12000, 136
0.522, 0, 32.716, 12000, 136
0.522, 0, 32.716, 12000, 136
0.522, 0, 32.716, 12000, 136
0.522, 0, 32.716, 12000, 136
0.522, 0, 32.716, 12000, 138
0.522, 0, 32.716, 12000, 138
0.522, 0, 32.964, 12000, 136
0.522, 0, 32.964, 12000, 136
0.522, 0, 32.964, 12000, 136
0.522, 0, 32.964, 12000, 136
0.522, 0, 32.964, 12000, 136
0.522, 0, 32.964, 12000, 138
0.522, 0, 32.964, 12000, 138
0.522, 0, 32.964, 12000, 136
0.522, 0, 32.964, 12000, 136
0.585, 0, 33.047, 12000, 136
0.585, 0, 33.047, 12000, 138
0.585, 0, 33.047, 12000, 138
0.585, 0, 33.047, 12000, 138
0.616, 0, 33.38, 12000, 138
0.616, 0, 33.38, 12000, 138
0.616, 0, 33.38, 12000, 138
0.616, 0, 33.38, 12000, 138
0.647, 0, 33.297, 12000, 138
0.647, 0, 33.297, 12000, 136
0.647, 0, 33.297, 12000, 138
0.647, 0, 33.297, 12000, 138
0.647, 0, 33.297, 12000, 138
0.647, 0, 33.297, 12000, 138
0.647, 0, 33.297, 12000, 138
0.647, 0, 33.297, 12000, 138
0.71, 0, 33.631, 12000, 138
0.71, 0, 33.631, 12000, 138
0.71, 0, 33.631, 12000, 138
0.71, 0, 33.631, 12000, 138
0.742, 0, 33.798, 12000, 138
0.742, 0, 33.798, 12000, 138
0.742, 0, 33.798, 12000, 138
0.742, 0, 33.798, 12000, 138
0.995, 0, 34.05, 12000, 138
0.995, 0, 34.05, 12000, 138
0.995, 0, 34.05, 12000, 138
0.995, 0, 34.05, 12000, 138
0.995, 0, 34.05, 12000, 138
0.995, 0, 34.05, 12000, 138
0.995, 0, 34.05, 12000, 138
0.995, 0, 34.05, 12000, 138
1.027, 0, 34.386, 12000, 138
1.027, 0, 34.386, 12000, 138
1.027, 0, 34.386, 12000, 138
1.027, 0, 34.386, 12000, 138
1.027, 0, 34.386, 12000, 140
1.219, 0, 33.798, 12000, 140
1.219, 0, 33.798, 12000, 138
1.219, 0, 33.798, 12000, 138
1.316, 0, 34.218, 12000, 140
1.316, 0, 34.218, 12000, 140
1.316, 0, 34.218, 12000, 140
1.316, 0, 34.218, 12000, 140
1.316, 0, 34.218, 12000, 138
1.316, 0, 34.218, 12000, 140
1.316, 0, 34.218, 12000, 140
1.316, 0, 34.218, 12000, 140
1.316, 0, 34.218, 12000, 140
1.707, 0, 34.386, 12000, 140
1.707, 0, 34.386, 12000, 140
1.707, 0, 34.386, 12000, 140
1.707, 0, 34.386, 12000, 140
1.74, 0, 34.302, 12000, 140
1.74, 0, 34.302, 12000, 140
1.74, 0, 34.302, 12000, 138
1.74, 0, 34.302, 12000, 138
1.807, 0, 34.471, 12000, 140
1.807, 0, 34.471, 12000, 140
1.807, 0, 34.471, 12000, 138
1.807, 0, 34.471, 12000, 138
1.807, 0, 34.471, 12000, 140
1.807, 0, 34.471, 12000, 140
1.807, 0, 34.471, 12000, 140
1.807, 0, 34.471, 12000, 140
1.773, 0, 34.639, 12000, 140
1.773, 0, 34.639, 12000, 140
1.773, 0, 34.639, 12000, 140
1.773, 0, 34.639, 12000, 140
1.807, 0, 34.639, 12000, 140
1.807, 0, 34.639, 12000, 140
1.807, 0, 34.639, 12000, 140
1.807, 0, 34.639, 12000, 140
1.873, 0, 34.978, 12000, 140
1.873, 0, 34.978, 12000, 140
1.873, 0, 34.978, 12000, 138
1.873, 0, 34.978, 12000, 138
1.873, 0, 34.978, 12000, 140
1.873, 0, 34.978, 12000, 140
1.873, 0, 34.978, 12000, 140
1.873, 0, 34.978, 12000, 140
1.873, 0, 34.808, 12000, 140
1.873, 0, 34.808, 12000, 140
1.873, 0, 34.808, 12000, 140
1.873, 0, 34.808, 12000, 140
1.873, 0, 34.808, 12000, 140
1.973, 0, 34.471, 12000, 140
1.973, 0, 34.471, 12000, 140
1.973, 0, 34.471, 12000, 140
1.973, 0, 34.471, 12000, 140
2.006, 0, 34.555, 12000, 140
2.006, 0, 34.555, 12000, 142
2.006, 0, 34.555, 12000, 142
2.006, 0, 34.555, 12000, 140
2.006, 0, 34.555, 12000, 140
2.006, 0, 34.555, 12000, 140
2.006, 0, 34.555, 12000, 140
2.006, 0, 34.555, 12000, 140
2.039, 0, 34.808, 12000, 140
2.039, 0, 34.808, 12000, 140
2.039, 0, 34.808, 12000, 140
2.039, 0, 34.808, 12000, 140
2.006, 0, 34.808, 12000, 140
2.006, 0, 34.808, 12000, 140
2.006, 0, 34.808, 12000, 140
2.006, 0, 34.808, 12000, 140
2.106, 0, 34.724, 12000, 140
2.106, 0, 34.724, 12000, 140
2.106, 0, 34.724, 12000, 138
2.106, 0, 34.724, 12000, 138
2.106, 0, 34.724, 12000, 140
2.106, 0, 34.724, 12000, 140
2.106, 0, 34.724, 12000, 140
2.106, 0, 34.724, 12000, 140
2.106, 0, 34.724, 12000, 140
2.14, 0, 34.978, 12000, 140
2.14, 0, 34.978, 12000, 140
2.14, 0, 34.978, 12000, 140
2.174, 0, 35.063, 12000, 140
2.174, 0, 35.063, 12000, 140
2.174, 0, 35.063, 12000, 140
2.174, 0, 35.063, 12000, 140
2.342, 0, 35.317, 12000, 140
2.342, 0, 35.317, 12000, 140
2.342, 0, 35.317, 12000, 140
2.342, 0, 35.317, 12000, 140
2.342, 0, 35.317, 12000, 140
2.342, 0, 35.317, 12000, 140
2.342, 0, 35.317, 12000, 140
2.342, 0, 35.317, 12000, 140
2.342, 0, 35.317, 12000, 140
2.753, 0, 35.572, 12000, 140
2.753, 0, 35.572, 12000, 140
2.753, 0, 35.572, 12000, 140
2.753, 0, 35.572, 12000, 140
3.384, 0, 35.828, 12000, 140
3.384, 0, 35.828, 12000, 140
3.384, 0, 35.828, 12000, 140
3.384, 0, 35.828, 12000, 140
3.42, 0, 35.828, 12000, 140
3.42, 0, 35.828, 12000, 140
3.42, 0, 35.828, 12000, 140
3.42, 0, 35.828, 12000, 140
3.42, 0, 35.828, 12000, 140
3.42, 0, 35.828, 12000, 140
3.42, 0, 35.828, 12000, 140
3.42, 0, 35.828, 12000, 140
3.67, 0, 35.828, 12000, 140
3.67, 0, 35.828, 12000, 140
3.67, 0, 35.828, 12000, 140
3.67, 0, 35.828, 12000, 140
3.598, 0, 35.828, 12000, 140
3.598, 0, 35.828, 12000, 140
3.598, 0, 35.828, 12000, 142
3.598, 0, 35.828, 12000, 142
3.815, 0, 35.828, 12000, 140
3.815, 0, 35.828, 12000, 140
3.815, 0, 35.828, 12000, 140
3.815, 0, 35.828, 12000, 140
3.815, 0, 35.828, 12000, 140
3.815, 0, 35.828, 12000, 140
3.815, 0, 35.828, 12000, 140
3.815, 0, 35.828, 12000, 140
4.253, 0, 35.913, 12000, 140
4.253, 0, 35.913, 12000, 142
4.253, 0, 35.913, 12000, 142
4.253, 0, 35.913, 12000, 140
4.401, 0, 36.084, 12000, 140
4.401, 0, 36.084, 12000, 142
4.401, 0, 36.084, 12000, 142
4.401, 0, 36.084, 12000, 140
4.401, 0, 36.084, 12000, 140
4.738, 0, 36.084, 12000, 140
4.738, 0, 36.084, 12000, 140
4.738, 0, 36.084, 12000, 140
4.738, 0, 36.084, 12000, 142
4.738, 0, 36.084, 12000, 142
4.738, 0, 36.084, 12000, 142
4.738, 0, 36.084, 12000, 142
4.738, 0, 36.084, 12000, 140
4.89, 0, 36.341, 12000, 140
4.89, 0, 36.341, 12000, 142
4.89, 0, 36.341, 12000, 142
4.89, 0, 36.341, 12000, 142
5.042, 0, 36.512, 12000, 142
5.042, 0, 36.512, 12000, 142
5.042, 0, 36.512, 12000, 140
5.042, 0, 36.512, 12000, 142
5.427, 0, 36.683, 12000, 142
5.427, 0, 36.683, 12000, 142
5.427, 0, 36.683, 12000, 142
5.427, 0, 36.683, 12000, 142
5.427, 0, 36.683, 12000, 142
5.427, 0, 36.683, 12000, 142
5.427, 0, 36.683, 12000, 142
5.427, 0, 36.683, 12000, 142
5.427, 0, 36.855, 12000, 142
5.427, 0, 36.855, 12000, 142
5.427, 0, 36.855, 12000, 142
5.427, 0, 36.855, 12000, 142
5.621, 0, 36.855, 12000, 142
5.621, 0, 36.855, 12000, 142
5.621, 0, 36.855, 12000, 142
5.621, 0, 36.855, 12000, 142
5.621, 0, 36.855, 12000, 142
6.056, 0, 37.027, 12000, 142
6.056, 0, 37.027, 12000, 142
6.056, 0, 37.027, 12000, 142
6.056, 0, 37.027, 12000, 142
6.056, 0, 37.027, 12000, 140
6.056, 0, 37.027, 12000, 140
6.056, 0, 37.027, 12000, 142
6.056, 0, 37.027, 12000, 142
6.216, 0, 37.027, 12000, 142
6.216, 0, 37.027, 12000, 142
6.216, 0, 37.027, 12000, 140
6.216, 0, 37.027, 12000, 140
6.538, 0, 37.199, 12000, 142
6.538, 0, 37.199, 12000, 142
6.538, 0, 37.199, 12000, 142
6.538, 0, 37.199, 12000, 142
6.866, 0, 37.629, 12000, 142
6.866, 0, 37.629, 12000, 142
6.866, 0, 37.629, 12000, 142
6.866, 0, 37.629, 12000, 142
6.866, 0, 37.629, 12000, 142
6.866, 0, 37.629, 12000, 142
6.866, 0, 37.629, 12000, 142
6.866, 0, 37.629, 12000, 140
7.155, 0, 37.888, 12000, 140
7.155, 0, 37.888, 12000, 142
7.155, 0, 37.888, 12000, 142
7.155, 0, 37.888, 12000, 142
7.281, 0, 37.974, 12000, 142
7.281, 0, 37.974, 12000, 142
7.281, 0, 37.974, 12000, 142
7.281, 0, 37.974, 12000, 142
7.239, 0, 37.974, 12000, 142
7.239, 0, 37.974, 12000, 142
7.239, 0, 37.974, 12000, 142
7.239, 0, 37.974, 12000, 142
7.239, 0, 37.974, 12000, 142
7.239, 0, 37.974, 12000, 142
7.239, 0, 37.974, 12000, 142
7.239, 0, 37.974, 12000, 142
7.449, 0, 37.888, 12000, 140
7.449, 0, 37.888, 12000, 142
7.449, 0, 37.888, 12000, 142
7.449, 0, 37.888, 12000, 142
7.449, 0, 38.233, 12000, 142
7.449, 0, 38.233, 12000, 142
7.449, 0, 38.233, 12000, 142
7.449, 0, 38.233, 12000, 142
7.449, 0, 38.147, 12000, 142
7.449, 0, 38.147, 12000, 142
7.449, 0, 38.147, 12000, 142
7.449, 0, 38.147, 12000, 142
7.449, 0, 38.147, 12000, 142
7.449, 0, 38.147, 12000, 142
7.449, 0, 38.147, 12000, 142
7.449, 0, 38.147, 12000, 142
7.449, 0, 38.147, 12000, 142
7.66, 0, 38.147, 12000, 142
7.66, 0, 38.147, 12000, 142
7.66, 0, 38.147, 12000, 142
7.66, 0, 38.147, 12000, 142
7.959, 0, 38.233, 12000, 142
7.959, 0, 38.233, 12000, 142
7.959, 0, 38.233, 12000, 142
7.959, 0, 38.233, 12000, 142
8.002, 0, 38.147, 12000, 142
8.002, 0, 38.147, 12000, 142
8.002, 0, 38.147, 12000, 142
8.002, 0, 38.147, 12000, 142
8.002, 0, 38.147, 12000, 142
8.002, 0, 38.147, 12000, 142
8.002, 0, 38.147, 12000, 142
8.002, 0, 38.147, 12000, 142
8.262, 0, 38.406, 12000, 142
8.262, 0, 38.406, 12000, 142
8.262, 0, 38.406, 12000, 144
8.262, 0, 38.406, 12000, 142
8.262, 0, 38.752, 12000, 142
8.262, 0, 38.752, 12000, 142
8.262, 0, 38.752, 12000, 142
8.262, 0, 38.752, 12000, 142
8.306, 0, 38.925, 12000, 142
8.306, 0, 38.925, 12000, 142
8.306, 0, 38.925, 12000, 142
8.306, 0, 38.925, 12000, 142
8.306, 0, 38.925, 12000, 142
8.306, 0, 38.925, 12000, 142
8.306, 0, 38.925, 12000, 142
8.306, 0, 38.925, 12000, 142
8.393, 0, 38.839, 12000, 142
8.393, 0, 38.839, 12000, 142
8.393, 0, 38.839, 12000, 142
8.393, 0, 38.839, 12000, 142
8.393, 0, 38.839, 12000, 142
8.437, 0, 38.925, 12000, 142
8.437, 0, 38.925, 12000, 144
8.437, 0, 38.925, 12000, 144
8.437, 0, 38.925, 12000, 142
8.568, 0, 38.752, 12000, 142
8.568, 0, 38.752, 12000, 142
8.568, 0, 38.752, 12000, 142
8.568, 0, 38.752, 12000, 142
8.568, 0, 38.752, 12000, 142
8.568, 0, 38.752, 12000, 142
8.568, 0, 38.752, 12000, 142
8.568, 0, 38.752, 12000, 142
8.524, 0, 38.666, 12000, 142
8.524, 0, 38.666, 12000, 142
8.524, 0, 38.666, 12000, 142
8.524, 0, 38.666, 12000, 142
8.612, 0, 38.839, 12000, 142
8.612, 0, 38.839, 12000, 142
8.612, 0, 38.839, 12000, 144
8.612, 0, 38.839, 12000, 144
8.656, 0, 38.839, 12000, 142
8.656, 0, 38.839, 12000, 142
8.656, 0, 38.839, 12000, 142
8.656, 0, 38.839, 12000, 142
8.656, 0, 38.839, 12000, 144
8.656, 0, 38.839, 12000, 144
8.656, 0, 38.839, 12000, 142
8.656, 0, 38.839, 12000, 142
8.701, 0, 38.752, 12000, 142
8.701, 0, 38.752, 12000, 142
8.701, 0, 38.752, 12000, 144
8.701, 0, 38.752, 12000, 144
8.789, 0, 38.579, 12000, 144
8.789, 0, 38.579, 12000, 142
8.789, 0, 38.579, 12000, 142
8.789, 0, 38.579, 12000, 142
8.656, 0, 38.32, 12000, 144
8.656, 0, 38.32, 12000, 144
8.656, 0, 38.32, 12000, 144
8.656, 0, 38.32, 12000, 144
8.656, 0, 38.32, 12000, 142
8.656, 0, 38.32, 12000, 142
8.656, 0, 38.32, 12000, 142
8.656, 0, 38.32, 12000, 142
8.568, 0, 38.147, 12000, 142
8.568, 0, 38.147, 12000, 142
8.568, 0, 38.147, 12000, 142
8.568, 0, 38.147, 12000, 142
8.612, 0, 37.802, 12000, 142
8.612, 0, 37.802, 12000, 142
8.612, 0, 37.802, 12000, 142
8.612, 0, 37.802, 12000, 144
8.612, 0, 37.802, 12000, 144
8.568, 0, 37.543, 12000, 142
8.568, 0, 37.543, 12000, 142
8.568, 0, 37.543, 12000, 144
8.568, 0, 37.543, 12000, 144
8.568, 0, 37.543, 12000, 142
8.568, 0, 37.543, 12000, 142
8.568, 0, 37.543, 12000, 142
8.568, 0, 37.543, 12000, 142
8.612, 0, 37.199, 12000, 142
8.612, 0, 37.199, 12000, 144
8.612, 0, 37.199, 12000, 144
8.612, 0, 37.199, 12000, 142
8.656, 0, 36.941, 12000, 142
8.656, 0, 36.941, 12000, 144
8.656, 0, 36.941, 12000, 144
8.656, 0, 36.941, 12000, 144
8.568, 0, 36.169, 12000, 142
8.568, 0, 36.169, 12000, 142
8.568, 0, 36.169, 12000, 144
8.568, 0, 36.169, 12000, 144
8.568, 0, 36.169, 12000, 144
8.568, 0, 36.169, 12000, 144
8.568, 0, 36.169, 12000, 142
8.568, 0, 36.169, 12000, 142
8.524, 0, 35.487, 12000, 142
8.524, 0, 35.487, 12000, 144
8.524, 0, 35.487, 12000, 144
8.524, 0, 35.487, 12000, 144
8.524, 0, 35.487, 12000, 144
8.48, 0, 34.724, 12000, 144
8.48, 0, 34.724, 12000, 142
8.48, 0, 34.724, 12000, 144
8.306, 0, 33.966, 12000, 144
8.306, 0, 33.966, 12000, 144
8.306, 0, 33.966, 12000, 144
8.306, 0, 33.966, 12000, 144
8.306, 0, 33.966, 12000, 144
8.306, 0, 33.966, 12000, 144
8.306, 0, 33.966, 12000, 144
8.306, 0, 33.966, 12000, 142
8.306, 0, 33.966, 12000, 144
8.132, 0, 33.047, 12000, 144
8.132, 0, 33.047, 12000, 142
8.132, 0, 33.047, 12000, 142
8.132, 0, 33.047, 12000, 144
7.281, 0, 32.056, 12000, 144
7.281, 0, 32.056, 12000, 142
7.281, 0, 32.056, 12000, 142
7.281, 0, 32.056, 12000, 142
6.989, 0, 31.159, 12000, 142
6.989, 0, 31.159, 12000, 142
6.989, 0, 31.159, 12000, 144
6.989, 0, 31.159, 12000, 144
6.742, 0, 29.716, 12000, 144
6.742, 0, 29.716, 12000, 144
6.742, 0, 29.716, 12000, 142
6.742, 0, 29.716, 12000, 142
6.742, 0, 29.716, 12000, 142
6.742, 0, 29.716, 12000, 142
6.742, 0, 29.716, 12000, 144
6.742, 0, 29.716, 12000, 144
5.976, 0, 28.617, 12000, 144
5.976, 0, 28.617, 12000, 144
5.976, 0, 28.617, 12000, 144
5.976, 0, 28.617, 12000, 142
5.543, 0, 26.557, 12000, 142
5.543, 0, 26.557, 12000, 142
5.543, 0, 26.557, 12000, 144
5.543, 0, 26.557, 12000, 144
5.543, 0, 26.557, 12000, 142
5.08, 0, 24.796, 12000, 142
5.08, 0, 24.796, 12000, 142
5.08, 0, 24.796, 12000, 142
5.08, 0, 24.796, 12000, 144
5.08, 0, 24.796, 12000, 144
5.08, 0, 24.796, 12000, 144
5.08, 0, 24.796, 12000, 144
4.588, 0, 23.239, 12000, 144
4.588, 0, 23.239, 12000, 142
4.588, 0, 23.239, 12000, 144
4.588, 0, 23.239, 12000, 144
4.588, 0, 23.239, 12000, 144
3.996, 0, 22.618, 12000, 144
3.996, 0, 22.618, 12000, 144
3.996, 0, 22.618, 12000, 144
3.996, 0, 22.618, 12000, 144
3.349, 0, 20.943, 12000, 144
3.349, 0, 20.943, 12000, 144
3.349, 0, 20.943, 12000, 144
3.349, 0, 20.943, 12000, 144
3.349, 0, 20.943, 12000, 144
3.349, 0, 20.943, 12000, 144
3.349, 0, 20.943, 12000, 142
3.349, 0, 20.943, 12000, 144
2.581, 0, 20.552, 12000, 144
2.581, 0, 20.552, 12000, 144
2.581, 0, 20.552, 12000, 144
2.581, 0, 20.552, 12000, 144
2.14, 0, 19.781, 12000, 144
2.14, 0, 19.781, 12000, 144
2.14, 0, 19.781, 12000, 144
2.14, 0, 19.781, 12000, 144
1.873, 0, 19.401, 12000, 144
1.873, 0, 19.401, 12000, 144
1.873, 0, 19.401, 12000, 144
1.873, 0, 19.401, 12000, 144
1.873, 0, 19.401, 12000, 144
1.873, 0, 19.401, 12000, 144
1.873, 0, 19.401, 12000, 144
1.873, 0, 19.401, 12000, 144
1.283, 0, 18.84, 12000, 144
1.283, 0, 18.84, 12000, 144
1.283, 0, 18.84, 12000, 144
1.283, 0, 18.84, 12000, 144
0.742, 0, 17.206, 12000, 144
0.742, 0, 17.206, 12000, 144
0.742, 0, 17.206, 12000, 144
0.742, 0, 17.206, 12000, 144
0.429, 0, 16.046, 12000, 144
0.429, 0, 16.046, 12000, 144
0.429, 0, 16.046, 12000, 144
0.429, 0, 16.046, 12000, 144
0.429, 0, 16.046, 12000, 144
0.429, 0, 16.046, 12000, 144
0.429, 0, 16.046, 12000, 144
0.429, 0, 16.046, 12000, 144
0.429, 0, 16.046, 12000, 144
0.367, 0, 15.537, 12000, 144
0.367, 0, 15.537, 12000, 144
0.367, 0, 15.537, 12000, 144
0.367, 0, 15.537, 12000, 144
0.183, 0, 14.488, 12000, 144
0.183, 0, 14.488, 12000, 144
0.183, 0, 14.488, 12000, 144
0.183, 0, 14.488, 12000, 144
0, 0, 13.317, 12000, 144
0, 0, 13.317, 12000, 144
0, 0, 13.317, 12000, 144
0, 0, 13.317, 12000, 144
0, 0, 13.317, 12000, 144
0, 0, 13.317, 12000, 144
0, 0, 13.317, 12000, 144
0, 0, 13.317, 12000, 146
0, 0, 12.851, 12000, 146
0, 0, 12.851, 12000, 144
0, 0, 12.851, 12000, 144
0, 0, 12.851, 12000, 144
0, 0, 13.057, 12000, 144
0, 0, 13.057, 12000, 144
0, 0, 13.057, 12000, 144
0, 0, 13.057, 12000, 146
0, 0, 13.161, 12000, 146
0, 0, 13.161, 12000, 144
0, 0, 13.161, 12000, 144
0, 0, 13.161, 12000, 144
0, 0, 13.161, 12000, 144
0, 0, 13.161, 12000, 144
0, 0, 13.161, 12000, 144
0, 0, 13.161, 12000, 144
0, 0, 13.006, 12000, 144
0, 0, 13.006, 12000, 144
0, 0, 13.006, 12000, 144
0, 0, 13.006, 12000, 146
0, 0, 13.006, 12000, 146
0, 0, 13.161, 12000, 144
0, 0, 13.161, 12000, 144
0, 0, 13.161, 12000, 146
0, 0, 13.161, 12000, 146
0, 0, 13.057, 12000, 146
0, 0, 13.057, 12000, 146
0, 0, 13.057, 12000, 146
0, 0, 13.057, 12000, 144
0, 0, 13.057, 12000, 144
0, 0, 13.057, 12000, 144
0, 0, 13.057, 12000, 144
0, 0, 13.057, 12000, 146
0, 0, 13.057, 12000, 146
0, 0, 13.057, 12000, 146
0, 0, 13.057, 12000, 146
0, 0, 13.057, 12000, 146
0, 0, 13.006, 12000, 144
0, 0, 13.006, 12000, 144
0, 0, 13.006, 12000, 144
0, 0, 13.006, 12000, 144
0, 0, 13.006, 12000, 146
0, 0, 13.006, 12000, 146
0, 0, 13.006, 12000, 144
0, 0, 13.006, 12000, 144
0, 0, 13.006, 12000, 144
0, 0, 13.006, 12000, 144
0, 0, 13.006, 12000, 146
0, 0, 13.006, 12000, 146
0, 0, 13.265, 12000, 146
0, 0, 13.265, 12000, 146
0, 0, 13.265, 12000, 146
0, 0, 13.265, 12000, 146
0, 0, 13.527, 12000, 146
0, 0, 13.527, 12000, 146
0, 0, 13.527, 12000, 146
0, 0, 13.527, 12000, 146
0, 0, 13.527, 12000, 146
0, 0, 14.326, 12000, 146
0, 0, 14.326, 12000, 146
0, 0, 14.326, 12000, 146
0, 0, 14.326, 12000, 146
0, 0, 14.326, 12000, 146
0, 0, 14.326, 12000, 146
0, 0, 14.326, 12000, 146
0, 0, 14.326, 12000, 148
0, 0, 14.925, 12000, 148
0, 0, 14.925, 12000, 146
0, 0, 14.925, 12000, 146
0, 0, 14.925, 12000, 146
0, 0, 15.649, 12000, 146
0, 0, 15.649, 12000, 146
0, 0, 15.649, 12000, 148
0, 0, 15.649, 12000, 148
0, 0, 16.16, 12000, 148
0, 0, 16.16, 12000, 148
0, 0, 16.16, 12000, 148
0, 0, 16.16, 12000, 148
0, 0, 16.16, 12000, 148
0, 0, 16.16, 12000, 148
0, 0, 16.16, 12000, 148
0, 0, 16.16, 12000, 148
0, 0, 17.443, 12000, 146
0, 0, 17.443, 12000, 148
0, 0, 17.443, 12000, 148
0, 0, 17.443, 12000, 148
0, 0, 18.778, 12000, 148
0, 0, 18.778, 12000, 148
0, 0, 18.778, 12000, 148
0, 0, 18.778, 12000, 148
0.275, 0, 20.357, 12000, 148
0.275, 0, 20.357, 12000, 146
0.275, 0, 20.357, 12000, 146
0.275, 0, 20.357, 12000, 148
0.275, 0, 20.357, 12000, 148
0.275, 0, 20.357, 12000, 148
0.275, 0, 20.357, 12000, 148
0.275, 0, 20.357, 12000, 148
0.275, 0, 20.357, 12000, 148
0.275, 0, 21.206, 12000, 148
0.275, 0, 21.206, 12000, 148
0.275, 0, 21.206, 12000, 148
0.275, 0, 21.206, 12000, 148
0.46, 0, 22.55, 12000, 148
0.46, 0, 22.55, 12000, 148
0.46, 0, 22.55, 12000, 148
0.46, 0, 22.55, 12000, 148
0.742, 0, 24.081, 12000, 148
0.742, 0, 24.081, 12000, 148
0.742, 0, 24.081, 12000, 148
0.742, 0, 24.081, 12000, 148
0.742, 0, 24.081, 12000, 148
0.742, 0, 24.081, 12000, 148
0.742, 0, 24.081, 12000, 148
0.742, 0, 24.081, 12000, 148
1.283, 0, 26.557, 12000, 148
1.283, 0, 26.557, 12000, 148
1.283, 0, 26.557, 12000, 148
1.283, 0, 26.557, 12000, 148
1.609, 0, 28.384, 12000, 148
1.609, 0, 28.384, 12000, 148
1.609, 0, 28.384, 12000, 148
1.609, 0, 28.384, 12000, 148
2.039, 0, 28.695, 12000, 148
2.039, 0, 28.695, 12000, 148
2.039, 0, 28.695, 12000, 148
2.039, 0, 28.695, 12000, 148
2.039, 0, 28.695, 12000, 148
2.039, 0, 28.695, 12000, 148
2.039, 0, 28.695, 12000, 148
2.039, 0, 28.695, 12000, 148
2.376, 0, 30.114, 12000, 148
2.376, 0, 30.114, 12000, 148
2.376, 0, 30.114, 12000, 148
2.376, 0, 30.114, 12000, 148
3.384, 0, 31.078, 12000, 148
3.384, 0, 31.078, 12000, 148
3.384, 0, 31.078, 12000, 148
3.384, 0, 31.078, 12000, 148
3.996, 0, 32.881, 12000, 148
3.996, 0, 32.881, 12000, 148
3.996, 0, 32.881, 12000, 148
3.996, 0, 32.881, 12000, 148
3.996, 0, 32.881, 12000, 148
3.996, 0, 32.881, 12000, 148
3.996, 0, 32.881, 12000, 148
3.996, 0, 32.881, 12000, 150
4.814, 0, 33.631, 12000, 150
4.814, 0, 33.631, 12000, 150
4.814, 0, 33.631, 12000, 148
4.814, 0, 33.631, 12000, 148
4.814, 0, 33.631, 12000, 148
4.814, 0, 33.631, 12000, 148
4.966, 0, 34.724, 12000, 148
4.966, 0, 34.724, 12000, 148
4.966, 0, 34.724, 12000, 148
4.966, 0, 34.724, 12000, 148
4.966, 0, 34.724, 12000, 148
5.388, 0, 35.999, 12000, 150
5.388, 0, 35.999, 12000, 148
5.388, 0, 35.999, 12000, 148
5.388, 0, 35.999, 12000, 148
5.388, 0, 35.999, 12000, 150
5.388, 0, 35.999, 12000, 150
5.778, 0, 37.543, 12000, 150
5.778, 0, 37.543, 12000, 150
5.778, 0, 37.543, 12000, 150
5.778, 0, 37.543, 12000, 148
6.176, 0, 38.32, 12000, 148
6.176, 0, 38.32, 12000, 148
6.176, 0, 38.32, 12000, 150
6.176, 0, 38.32, 12000, 150
6.176, 0, 38.32, 12000, 148
6.661, 0, 38.666, 12000, 148
6.661, 0, 38.666, 12000, 148
6.661, 0, 38.666, 12000, 148
6.661, 0, 38.666, 12000, 148
6.661, 0, 38.666, 12000, 148
6.661, 0, 38.666, 12000, 148
6.661, 0, 38.666, 12000, 148
6.661, 0, 39.532, 12000, 148
6.661, 0, 39.532, 12000, 148
6.661, 0, 39.532, 12000, 148
6.661, 0, 39.532, 12000, 148
6.824, 0, 40.139, 12000, 148
6.824, 0, 40.139, 12000, 148
6.824, 0, 40.139, 12000, 148
6.824, 0, 40.139, 12000, 148
6.824, 0, 40.139, 12000, 150
6.824, 0, 40.139, 12000, 150
6.824, 0, 40.139, 12000, 150
6.701, 0, 40.486, 12000, 150
6.701, 0, 40.486, 12000, 150
6.701, 0, 40.486, 12000, 150
6.701, 0, 40.486, 12000, 150
6.701, 0, 40.486, 12000, 150
6.701, 0, 40.486, 12000, 148
6.866, 0, 40.921, 12000, 148
6.866, 0, 40.921, 12000, 148
6.866, 0, 40.921, 12000, 148
6.866, 0, 40.921, 12000, 148
6.742, 0, 41.182, 12000, 150
6.742, 0, 41.182, 12000, 150
6.742, 0, 41.182, 12000, 150
6.742, 0, 41.182, 12000, 148
7.114, 0, 41.443, 12000, 148
7.114, 0, 41.443, 12000, 148
7.114, 0, 41.443, 12000, 150
7.114, 0, 41.443, 12000, 148
7.114, 0, 41.443, 12000, 148
7.114, 0, 41.443, 12000, 150
7.114, 0, 41.443, 12000, 150
7.114, 0, 41.443, 12000, 150
6.948, 0, 41.705, 12000, 150
6.948, 0, 41.705, 12000, 150
6.948, 0, 41.705, 12000, 150
6.948, 0, 41.705, 12000, 150
7.072, 0, 41.53, 12000, 150
7.072, 0, 41.53, 12000, 150
7.072, 0, 41.53, 12000, 150
7.072, 0, 41.53, 12000, 150
7.072, 0, 41.617, 12000, 150
7.072, 0, 41.617, 12000, 150
7.072, 0, 41.617, 12000, 150
7.072, 0, 41.617, 12000, 150
7.072, 0, 41.617, 12000, 150
7.072, 0, 41.617, 12000, 150
7.072, 0, 41.617, 12000, 150
7.072, 0, 41.617, 12000, 150
7.072, 0, 41.617, 12000, 150
7.114, 0, 41.705, 12000, 148
7.114, 0, 41.705, 12000, 148
7.114, 0, 41.705, 12000, 150
7.114, 0, 41.705, 12000, 150
7.197, 0, 41.617, 12000, 150
7.197, 0, 41.617, 12000, 148
7.197, 0, 41.617, 12000, 148
7.197, 0, 41.617, 12000, 148
7.072, 0, 41.705, 12000, 148
7.072, 0, 41.705, 12000, 150
7.072, 0, 41.705, 12000, 150
7.072, 0, 41.705, 12000, 150
7.072, 0, 41.705, 12000, 150
7.072, 0, 41.705, 12000, 148
7.072, 0, 41.705, 12000, 148
7.072, 0, 41.705, 12000, 148
6.989, 0, 41.53, 12000, 150
6.989, 0, 41.53, 12000, 150
6.989, 0, 41.53, 12000, 148
6.989, 0, 41.53, 12000, 148
6.989, 0, 41.53, 12000, 148
6.824, 0, 41.356, 12000, 150
6.824, 0, 41.356, 12000, 150
6.824, 0, 41.356, 12000, 150
6.907, 0, 41.095, 12000, 150
6.907, 0, 41.095, 12000, 148
6.907, 0, 41.095, 12000, 150
6.907, 0, 41.095, 12000, 150
6.907, 0, 41.095, 12000, 148
6.907, 0, 41.095, 12000, 148
6.907, 0, 41.095, 12000, 150
6.907, 0, 41.095, 12000, 150
6.661, 0, 40.921, 12000, 150
6.661, 0, 40.921, 12000, 150
6.661, 0, 40.921, 12000, 150
6.661, 0, 40.921, 12000, 150
6.457, 0, 40.4, 12000, 150
6.457, 0, 40.4, 12000, 150
6.457, 0, 40.4, 12000, 150
6.457, 0, 40.4, 12000, 150
6.457, 0, 40.4, 12000, 150
6.579, 0, 39.879, 12000, 150
6.579, 0, 39.879, 12000, 150
6.579, 0, 39.879, 12000, 150
6.579, 0, 39.879, 12000, 148
6.579, 0, 39.879, 12000, 148
6.579, 0, 39.879, 12000, 148
6.579, 0, 39.879, 12000, 148
6.579, 0, 39.879, 12000, 150
6.296, 0, 39.272, 12000, 150
6.296, 0, 39.272, 12000, 150
6.296, 0, 39.272, 12000, 150
6.296, 0, 39.272, 12000, 150
6.376, 0, 38.666, 12000, 150
6.376, 0, 38.666, 12000, 148
6.376, 0, 38.666, 12000, 148
6.376, 0, 38.666, 12000, 150
5.857, 0, 37.715, 12000, 150
5.857, 0, 37.715, 12000, 150
5.857, 0, 37.715, 12000, 148
5.857, 0, 37.715, 12000, 148
5.857, 0, 37.715, 12000, 148
5.857, 0, 37.715, 12000, 148
5.857, 0, 37.715, 12000, 148
5.857, 0, 37.715, 12000, 148
5.466, 0, 36.512, 12000, 150
5.466, 0, 36.512, 12000, 150
5.466, 0, 36.512, 12000, 148
5.466, 0, 36.512, 12000, 148
4.927, 0, 35.657, 12000, 148
4.927, 0, 35.657, 12000, 148
4.927, 0, 35.657, 12000, 150
4.927, 0, 35.657, 12000, 150
4.701, 0, 34.555, 12000, 150
4.701, 0, 34.555, 12000, 150
4.701, 0, 34.555, 12000, 150
4.701, 0, 34.555, 12000, 150
4.701, 0, 34.555, 12000, 152
4.701, 0, 34.555, 12000, 152
4.701, 0, 34.555, 12000, 150
4.701, 0, 34.555, 12000, 150
4.216, 0, 33.297, 12000, 150
4.216, 0, 33.297, 12000, 150
4.216, 0, 33.297, 12000, 150
4.216, 0, 33.297, 12000, 150
4.216, 0, 33.297, 12000, 150
4.216, 0, 33.297, 12000, 150
3.96, 0, 32.221, 12000, 150
3.96, 0, 32.221, 12000, 150
3.96, 0, 32.221, 12000, 150
3.455, 0, 31.159, 12000, 150
3.455, 0, 31.159, 12000, 150
3.455, 0, 31.159, 12000, 150
3.455, 0, 31.159, 12000, 150
3.455, 0, 31.159, 12000, 150
3.455, 0, 31.159, 12000, 150
3.455, 0, 31.159, 12000, 148
3.455, 0, 31.159, 12000, 150
2.996, 0, 30.274, 12000, 150
2.996, 0, 30.274, 12000, 150
2.996, 0, 30.274, 12000, 148
2.996, 0, 30.274, 12000, 150
2.684, 0, 27.998, 12000, 150
2.684, 0, 27.998, 12000, 150
2.684, 0, 27.998, 12000, 150
2.684, 0, 27.998, 12000, 150
2.65, 0, 27.083, 12000, 150
2.65, 0, 27.083, 12000, 150
2.65, 0, 27.083, 12000, 150
2.65, 0, 27.083, 12000, 150
2.65, 0, 27.083, 12000, 150
1.675, 0, 25.742, 12000, 150
1.675, 0, 25.742, 12000, 150
1.675, 0, 25.742, 12000, 150
1.675, 0, 25.742, 12000, 150
1.675, 0, 25.742, 12000, 150
1.675, 0, 25.742, 12000, 148
1.675, 0, 25.742, 12000, 148
1.348, 0, 24.58, 12000, 150
1.348, 0, 24.58, 12000, 150
1.348, 0, 24.58, 12000, 148
1.348, 0, 24.58, 12000, 150
1.348, 0, 24.58, 12000, 150
1.251, 0, 23.658, 12000, 150
1.251, 0, 23.658, 12000, 150
1.251, 0, 23.658, 12000, 150
1.251, 0, 23.658, 12000, 150
1.219, 0, 22.618, 12000, 150
1.219, 0, 22.618, 12000, 150
1.219, 0, 22.618, 12000, 150
1.219, 0, 22.618, 12000, 150
1.219, 0, 22.618, 12000, 150
1.219, 0, 22.618, 12000, 150
1.219, 0, 22.618, 12000, 150
1.219, 0, 22.618, 12000, 150
0.491, 0, 22.346, 12000, 150
0.491, 0, 22.346, 12000, 150
0.491, 0, 22.346, 12000, 150
0.491, 0, 22.346, 12000, 150
0.491, 0, 22.346, 12000, 150
0.429, 0, 21.94, 12000, 150
0.429, 0, 21.94, 12000, 150
0.429, 0, 21.94, 12000, 150
0, 0, 21.14, 12000, 150
0, 0, 21.14, 12000, 150
0, 0, 21.14, 12000, 150
0, 0, 21.14, 12000, 150
0, 0, 21.14, 12000, 150
0, 0, 21.14, 12000, 150
0, 0, 21.14, 12000, 150
0, 0, 21.14, 12000, 150
0, 0, 21.472, 12000, 150
0, 0, 21.472, 12000, 152
0, 0, 21.472, 12000, 152
0, 0, 21.472, 12000, 152
0, 0, 22.075, 12000, 152
0, 0, 22.075, 12000, 152
0, 0, 22.075, 12000, 152
0, 0, 22.075, 12000, 152
0, 0, 22.075, 12000, 150
0, 0, 22.007, 12000, 150
0, 0, 22.007, 12000, 150
0, 0, 22.007, 12000, 150
0, 0, 22.007, 12000, 150
0, 0, 22.007, 12000, 150
0, 0, 22.007, 12000, 152
0, 0, 22.007, 12000, 152
0, 0, 23.799, 12000, 150
0, 0, 23.799, 12000, 150
0, 0, 23.799, 12000, 152
0, 0, 23.799, 12000, 150
0, 0, 23.799, 12000, 150
0.152, 0, 24.868, 12000, 152
0.152, 0, 24.868, 12000, 152
0.152, 0, 24.868, 12000, 152
0.152, 0, 24.868, 12000, 152
0.46, 0, 26.185, 12000, 150
0.46, 0, 26.185, 12000, 150
0.46, 0, 26.185, 12000, 150
0.46, 0, 26.185, 12000, 152
0.46, 0, 26.185, 12000, 152
0.46, 0, 26.185, 12000, 152
0.46, 0, 26.185, 12000, 152
0.46, 0, 26.185, 12000, 152
1.155, 0, 27.539, 12000, 152
1.155, 0, 27.539, 12000, 152
1.155, 0, 27.539, 12000, 152
1.155, 0, 27.539, 12000, 152
1.478, 0, 28.773, 12000, 152
1.478, 0, 28.773, 12000, 152
1.478, 0, 28.773, 12000, 152
1.478, 0, 28.773, 12000, 152
2.376, 0, 29.875, 12000, 152
2.376, 0, 29.875, 12000, 152
2.376, 0, 29.875, 12000, 152
2.376, 0, 29.875, 12000, 150
2.376, 0, 29.875, 12000, 150
2.376, 0, 29.875, 12000, 150
2.376, 0, 29.875, 12000, 152
2.376, 0, 29.875, 12000, 152
3.742, 0, 30.836, 12000, 152
3.742, 0, 30.836, 12000, 152
3.742, 0, 30.836, 12000, 152
3.742, 0, 30.836, 12000, 152
4.364, 0, 31.811, 12000, 152
4.364, 0, 31.811, 12000, 152
4.364, 0, 31.811, 12000, 152
4.364, 0, 31.811, 12000, 152
5.195, 0, 33.297, 12000, 152
5.195, 0, 33.297, 12000, 152
5.195, 0, 33.297, 12000, 152
5.195, 0, 33.297, 12000, 152
5.195, 0, 33.297, 12000, 152
5.195, 0, 33.297, 12000, 152
5.195, 0, 33.297, 12000, 152
5.195, 0, 33.297, 12000, 152
5.543, 0, 34.471, 12000, 152
5.543, 0, 34.471, 12000, 152
5.543, 0, 34.471, 12000, 152
5.543, 0, 34.471, 12000, 152
6.296, 0, 35.232, 12000, 152
6.296, 0, 35.232, 12000, 152
6.296, 0, 35.232, 12000, 152
6.296, 0, 35.232, 12000, 152
6.296, 0, 35.232, 12000, 152
6.457, 0, 36.941, 12000, 152
6.457, 0, 36.941, 12000, 152
6.457, 0, 36.941, 12000, 152
6.457, 0, 36.941, 12000, 152
6.457, 0, 36.941, 12000, 152
6.457, 0, 36.941, 12000, 152
6.457, 0, 36.941, 12000, 152
6.457, 0, 36.941, 12000, 152
6.948, 0, 37.629, 12000, 152
6.948, 0, 37.629, 12000, 152
6.948, 0, 37.629, 12000, 152
6.948, 0, 37.629, 12000, 152
7.407, 0, 38.666, 12000, 152
7.407, 0, 38.666, 12000, 152
7.407, 0, 38.666, 12000, 152
7.407, 0, 38.666, 12000, 152
7.703, 0, 39.705, 12000, 152
7.703, 0, 39.705, 12000, 152
7.703, 0, 39.705, 12000, 152
7.703, 0, 39.705, 12000, 152
7.703, 0, 39.705, 12000, 152
7.703, 0, 39.705, 12000, 152
7.703, 0, 39.705, 12000, 152
7.703, 0, 39.705, 12000, 152
8.045, 0, 40.4, 12000, 152
8.045, 0, 40.4, 12000, 152
8.045, 0, 40.4, 12000, 152
8.045, 0, 40.4, 12000, 152
8.262, 0, 40.747, 12000, 152
8.262, 0, 40.747, 12000, 152
8.262, 0, 40.747, 12000, 152
8.262, 0, 40.747, 12000, 152
8.219, 0, 41.269, 12000, 154
8.219, 0, 41.269, 12000, 154
8.219, 0, 41.269, 12000, 154
8.219, 0, 41.269, 12000, 152
8.219, 0, 41.269, 12000, 152
8.219, 0, 41.269, 12000, 152
8.219, 0, 41.269, 12000, 152
8.219, 0, 41.269, 12000, 152
8.219, 0, 41.269, 12000, 152
7.575, 0, 41.356, 12000, 152
7.575, 0, 41.356, 12000, 152
7.575, 0, 41.356, 12000, 152
7.575, 0, 41.356, 12000, 152
7.575, 0, 41.53, 12000, 152
7.575, 0, 41.53, 12000, 152
7.575, 0, 41.53, 12000, 152
7.575, 0, 41.53, 12000, 152
7.831, 0, 41.705, 12000, 152
7.831, 0, 41.705, 12000, 152
7.831, 0, 41.705, 12000, 152
7.831, 0, 41.705, 12000, 152
7.831, 0, 41.705, 12000, 152
7.831, 0, 41.705, 12000, 152
7.831, 0, 41.705, 12000, 152
7.831, 0, 41.705, 12000, 154
7.618, 0, 41.53, 12000, 154
7.618, 0, 41.53, 12000, 152
7.618, 0, 41.53, 12000, 152
7.618, 0, 41.53, 12000, 154
7.533, 0, 41.269, 12000, 152
7.533, 0, 41.269, 12000, 152
7.533, 0, 41.269, 12000, 152
7.533, 0, 41.269, 12000, 152
7.114, 0, 41.356, 12000, 152
7.114, 0, 41.356, 12000, 152
7.114, 0, 41.356, 12000, 154
7.114, 0, 41.356, 12000, 154
7.114, 0, 41.356, 12000, 152
7.114, 0, 41.356, 12000, 152
7.114, 0, 41.356, 12000, 152
7.114, 0, 41.356, 12000, 152
7.114, 0, 41.356, 12000, 152
7.031, 0, 41.182, 12000, 152
7.031, 0, 41.182, 12000, 152
7.031, 0, 41.182, 12000, 152
6.783, 0, 40.834, 12000, 152
6.783, 0, 40.834, 12000, 152
6.783, 0, 40.834, 12000, 152
6.783, 0, 40.834, 12000, 152
6.783, 0, 40.834, 12000, 152
6.417, 0, 40.747, 12000, 152
6.417, 0, 40.747, 12000, 152
6.417, 0, 40.747, 12000, 152
6.417, 0, 40.747, 12000, 152
6.417, 0, 40.747, 12000, 152
6.417, 0, 40.747, 12000, 152
6.417, 0, 40.747, 12000, 152
6.417, 0, 40.747, 12000, 152
6.056, 0, 40.4, 12000, 152
6.056, 0, 40.4, 12000, 152
6.056, 0, 40.4, 12000, 154
6.056, 0, 40.4, 12000, 154
6.216, 0, 40.4, 12000, 154
6.216, 0, 40.4, 12000, 154
6.216, 0, 40.4, 12000, 152
6.216, 0, 40.4, 12000, 152
6.216, 0, 40.4, 12000, 152
5.976, 0, 40.139, 12000, 152
5.976, 0, 40.139, 12000, 152
5.976, 0, 40.139, 12000, 152
5.976, 0, 40.139, 12000, 154
5.976, 0, 40.139, 12000, 154
5.976, 0, 40.139, 12000, 152
5.976, 0, 40.139, 12000, 152
5.857, 0, 39.705, 12000, 154
5.857, 0, 39.705, 12000, 152
5.857, 0, 39.705, 12000, 152
5.857, 0, 39.705, 12000, 154
5.621, 0, 39.272, 12000, 154
5.621, 0, 39.272, 12000, 154
5.621, 0, 39.272, 12000, 154
5.621, 0, 39.272, 12000, 152
5.504, 0, 38.406, 12000, 154
5.504, 0, 38.406, 12000, 154
5.504, 0, 38.406, 12000, 152
5.504, 0, 38.406, 12000, 152
5.504, 0, 38.406, 12000, 152
5.504, 0, 38.406, 12000, 152
5.504, 0, 38.406, 12000, 152
5.504, 0, 38.406, 12000, 152
5.349, 0, 37.888, 12000, 152
5.349, 0, 37.888, 12000, 152
5.349, 0, 37.888, 12000, 154
5.349, 0, 37.888, 12000, 152
5.349, 0, 37.888, 12000, 152
5.195, 0, 37.371, 12000, 154
5.195, 0, 37.371, 12000, 154
5.195, 0, 37.371, 12000, 154
5.195, 0, 37.371, 12000, 154
4.89, 0, 36.683, 12000, 154
4.89, 0, 36.683, 12000, 154
4.89, 0, 36.683, 12000, 154
4.89, 0, 36.683, 12000, 154
4.89, 0, 36.683, 12000, 154
4.89, 0, 36.683, 12000, 154
4.89, 0, 36.683, 12000, 154
4.89, 0, 36.683, 12000, 154
4.89, 0, 36.683, 12000, 154
4.401, 0, 35.487, 12000, 154
4.401, 0, 35.487, 12000, 154
4.401, 0, 35.487, 12000, 152
4.401, 0, 35.487, 12000, 154
4.401, 0, 35.487, 12000, 154
4.033, 0, 34.724, 12000, 154
4.033, 0, 34.724, 12000, 154
3.742, 0, 33.714, 12000, 154
3.742, 0, 33.714, 12000, 154
3.742, 0, 33.714, 12000, 154
3.742, 0, 33.714, 12000, 154
3.742, 0, 33.714, 12000, 152
3.742, 0, 33.714, 12000, 152
3.742, 0, 33.714, 12000, 154
3.742, 0, 33.714, 12000, 154
3.384, 0, 32.55, 12000, 152
3.384, 0, 32.55, 12000, 154
3.384, 0, 32.55, 12000, 154
3.384, 0, 32.55, 12000, 154
3.137, 0, 31.566, 12000, 154
3.137, 0, 31.566, 12000, 154
3.137, 0, 31.566, 12000, 154
3.137, 0, 31.566, 12000, 154
3.137, 0, 31.566, 12000, 154
2.788, 0, 30.114, 12000, 154
2.788, 0, 30.114, 12000, 154
2.788, 0, 30.114, 12000, 154
2.788, 0, 30.114, 12000, 154
2.788, 0, 30.114, 12000, 154
2.788, 0, 30.114, 12000, 154
2.788, 0, 30.114, 12000, 154
2.788, 0, 30.114, 12000, 154
2.615, 0, 29.164, 12000, 154
2.615, 0, 29.164, 12000, 154
2.615, 0, 29.164, 12000, 154
2.615, 0, 29.164, 12000, 154
2.006, 0, 27.463, 12000, 154
2.006, 0, 27.463, 12000, 154
2.006, 0, 27.463, 12000, 154
2.006, 0, 27.463, 12000, 154
2.006, 0, 27.463, 12000, 154
1.906, 0, 25.889, 12000, 154
1.906, 0, 25.889, 12000, 154
1.906, 0, 25.889, 12000, 154
1.906, 0, 25.889, 12000, 154
1.906, 0, 25.889, 12000, 154
1.906, 0, 25.889, 12000, 154
1.906, 0, 25.889, 12000, 154
1.773, 0, 24.366, 12000, 154
1.773, 0, 24.366, 12000, 154
1.773, 0, 24.366, 12000, 154
1.773, 0, 24.366, 12000, 154
1.446, 0, 23.658, 12000, 154
1.446, 0, 23.658, 12000, 154
1.446, 0, 23.658, 12000, 154
1.446, 0, 23.658, 12000, 154
1.283, 0, 22.687, 12000, 154
1.283, 0, 22.687, 12000, 154
1.283, 0, 22.687, 12000, 154
1.283, 0, 22.687, 12000, 154
1.283, 0, 22.687, 12000, 154
1.283, 0, 22.687, 12000, 154
1.283, 0, 22.687, 12000, 154
1.283, 0, 22.687, 12000, 154
1.187, 0, 22.893, 12000, 154
1.187, 0, 22.893, 12000, 154
1.187, 0, 22.893, 12000, 154
1.187, 0, 22.893, 12000, 156
1.187, 0, 22.893, 12000, 156
0.244, 0, 22.618, 12000, 154
0.244, 0, 22.618, 12000, 156
0.244, 0, 22.618, 12000, 156
0.244, 0, 22.618, 12000, 154
0, 0, 22.55, 12000, 154
0, 0, 22.55, 12000, 154
0, 0, 22.55, 12000, 154
0, 0, 22.55, 12000, 154
0, 0, 22.55, 12000, 154
0, 0, 22.346, 12000, 154
0, 0, 22.346, 12000, 154
0, 0, 22.346, 12000, 156
0, 0, 22.346, 12000, 156
0, 0, 22.346, 12000, 154
0, 0, 22.893, 12000, 154
0, 0, 22.893, 12000, 154
0, 0, 22.893, 12000, 154
0, 0, 22.893, 12000, 154
0.275, 0, 23.309, 12000, 154
0.275, 0, 23.309, 12000, 154
0.275, 0, 23.309, 12000, 156
0.275, 0, 23.309, 12000, 154
0.275, 0, 23.309, 12000, 154
0.275, 0, 23.309, 12000, 154
0.275, 0, 23.309, 12000, 154
0.868, 0, 24.294, 12000, 154
0.868, 0, 24.294, 12000, 154
0.868, 0, 24.294, 12000, 154
0.868, 0, 24.294, 12000, 154
0.868, 0, 24.294, 12000, 156
1.219, 0, 26.111, 12000, 154
1.219, 0, 26.111, 12000, 154
1.219, 0, 26.111, 12000, 154
1.219, 0, 26.111, 12000, 154
1.348, 0, 27.387, 12000, 156
1.348, 0, 27.387, 12000, 156
1.348, 0, 27.387, 12000, 156
1.348, 0, 27.387, 12000, 154
1.348, 0, 27.387, 12000, 154
1.348, 0, 27.387, 12000, 154
1.348, 0, 27.387, 12000, 154
1.348, 0, 27.387, 12000, 156
1.74, 0, 28.929, 12000, 156
1.74, 0, 28.929, 12000, 156
1.74, 0, 28.929, 12000, 156
1.74, 0, 28.929, 12000, 156
2.857, 0, 30.755, 12000, 156
2.857, 0, 30.755, 12000, 156
2.857, 0, 30.755, 12000, 156
2.857, 0, 30.755, 12000, 156
3.066, 0, 32.55, 12000, 156
3.066, 0, 32.55, 12000, 154
3.066, 0, 32.55, 12000, 154
3.066, 0, 32.55, 12000, 156
3.066, 0, 32.55, 12000, 154
3.066, 0, 32.55, 12000, 154
3.066, 0, 32.55, 12000, 154
3.066, 0, 32.55, 12000, 154
3.066, 0, 32.55, 12000, 156
3.778, 0, 33.214, 12000, 156
3.778, 0, 33.214, 12000, 156
3.778, 0, 33.214, 12000, 156
4.476, 0, 34.05, 12000, 154
4.476, 0, 34.05, 12000, 156
4.476, 0, 34.05, 12000, 156
4.476, 0, 34.05, 12000, 156
4.476, 0, 34.05, 12000, 156
4.89, 0, 34.978, 12000, 156
4.89, 0, 34.978, 12000, 156
4.89, 0, 34.978, 12000, 156
4.89, 0, 34.978, 12000, 154
4.89, 0, 34.978, 12000, 154
4.89, 0, 34.978, 12000, 156
4.89, 0, 34.978, 12000, 156
4.89, 0, 34.978, 12000, 154
5.7, 0, 35.999, 12000, 154
5.7, 0, 35.999, 12000, 156
5.7, 0, 35.999, 12000, 156
5.7, 0, 35.999, 12000, 154
6.742, 0, 37.199, 12000, 156
6.742, 0, 37.199, 12000, 156
6.742, 0, 37.199, 12000, 156
6.742, 0, 37.199, 12000, 156
6.661, 0, 38.666, 12000, 156
6.661, 0, 38.666, 12000, 156
6.661, 0, 38.666, 12000, 156
6.661, 0, 38.666, 12000, 156
6.661, 0, 38.666, 12000, 156
6.661, 0, 38.666, 12000, 156
6.661, 0, 38.666, 12000, 156
6.661, 0, 38.666, 12000, 156
6.661, 0, 38.666, 12000, 156
6.742, 0, 39.792, 12000, 156
6.742, 0, 39.792, 12000, 156
6.742, 0, 39.792, 12000, 156
6.742, 0, 40.486, 12000, 156
6.742, 0, 40.486, 12000, 156
6.742, 0, 40.486, 12000, 156
6.742, 0, 40.486, 12000, 158
6.742, 0, 40.486, 12000, 158
6.783, 0, 41.53, 12000, 156
6.783, 0, 41.53, 12000, 156
6.783, 0, 41.53, 12000, 156
6.783, 0, 41.53, 12000, 156
7.031, 0, 41.792, 12000, 156
7.031, 0, 41.792, 12000, 156
7.031, 0, 41.792, 12000, 156
7.031, 0, 41.792, 12000, 158
7.031, 0, 41.792, 12000, 158
7.031, 0, 41.792, 12000, 158
7.031, 0, 41.792, 12000, 158
7.031, 0, 41.792, 12000, 156
7.155, 0, 41.705, 12000, 156
7.155, 0, 41.705, 12000, 156
7.155, 0, 41.705, 12000, 156
7.155, 0, 41.705, 12000, 156
7.281, 0, 41.705, 12000, 158
7.281, 0, 41.705, 12000, 158
7.281, 0, 41.705, 12000, 156
7.281, 0, 41.705, 12000, 156
7.575, 0, 42.228, 12000, 156
7.575, 0, 42.228, 12000, 156
7.575, 0, 42.228, 12000, 156
7.575, 0, 42.228, 12000, 156
7.575, 0, 42.228, 12000, 156
7.575, 0, 42.228, 12000, 156
7.575, 0, 42.228, 12000, 156
7.575, 0, 42.228, 12000, 156
7.874, 0, 42.578, 12000, 156
7.874, 0, 42.578, 12000, 156
7.874, 0, 42.578, 12000, 156
7.874, 0, 42.578, 12000, 156
7.874, 0, 42.578, 12000, 156
7.703, 0, 43.016, 12000, 156
7.703, 0, 43.016, 12000, 156
7.703, 0, 43.016, 12000, 156
7.788, 0, 42.929, 12000, 158
7.788, 0, 42.929, 12000, 156
7.788, 0, 42.929, 12000, 156
7.788, 0, 42.929, 12000, 156
7.788, 0, 42.929, 12000, 156
7.788, 0, 42.929, 12000, 158
7.788, 0, 42.929, 12000, 158
7.788, 0, 42.929, 12000, 156
7.788, 0, 42.929, 12000, 156
7.618, 0, 43.016, 12000, 156
7.618, 0, 43.016, 12000, 156
7.618, 0, 43.016, 12000, 156
7.618, 0, 43.016, 12000, 156
7.703, 0, 43.192, 12000, 156
7.703, 0, 43.192, 12000, 158
7.703, 0, 43.192, 12000, 156
7.703, 0, 43.192, 12000, 156
7.874, 0, 43.28, 12000, 156
7.874, 0, 43.28, 12000, 156
7.874, 0, 43.28, 12000, 156
7.874, 0, 43.28, 12000, 156
7.874, 0, 43.28, 12000, 156
7.874, 0, 43.28, 12000, 156
7.874, 0, 43.28, 12000, 156
7.874, 0, 43.28, 12000, 156
7.959, 0, 43.545, 12000, 156
7.959, 0, 43.545, 12000, 158
7.959, 0, 43.545, 12000, 156
7.959, 0, 43.545, 12000, 156
7.916, 0, 43.633, 12000, 156
7.916, 0, 43.633, 12000, 156
7.916, 0, 43.633, 12000, 158
7.916, 0, 43.633, 12000, 158
7.916, 0, 43.633, 12000, 158
7.831, 0, 43.722, 12000, 158
7.831, 0, 43.722, 12000, 156
7.831, 0, 43.722, 12000, 156
7.831, 0, 43.722, 12000, 158
7.831, 0, 43.722, 12000, 156
7.831, 0, 43.722, 12000, 156
7.831, 0, 43.722, 12000, 156
7.831, 0, 43.722, 12000, 156
7.281, 0, 43.988, 12000, 158
7.281, 0, 43.988, 12000, 156
7.281, 0, 43.988, 12000, 156
7.031, 0, 44.077, 12000, 156
7.031, 0, 44.077, 12000, 156
7.031, 0, 44.077, 12000, 156
7.031, 0, 44.077, 12000, 156
7.031, 0, 44.077, 12000, 156
6.989, 0, 44.077, 12000, 156
6.989, 0, 44.077, 12000, 156
6.989, 0, 44.077, 12000, 156
6.989, 0, 44.077, 12000, 156
6.989, 0, 44.077, 12000, 156
6.989, 0, 44.077, 12000, 156
6.989, 0, 44.077, 12000, 156
6.948, 0, 43.988, 12000, 156
6.948, 0, 43.988, 12000, 156
6.948, 0, 43.988, 12000, 158
6.948, 0, 43.988, 12000, 158
6.948, 0, 43.988, 12000, 158
6.907, 0, 43.81, 12000, 158
6.907, 0, 43.81, 12000, 158
6.907, 0, 43.81, 12000, 158
6.907, 0, 43.81, 12000, 158
6.866, 0, 43.633, 12000, 158
6.866, 0, 43.633, 12000, 158
6.866, 0, 43.633, 12000, 158
6.866, 0, 43.633, 12000, 158
6.866, 0, 43.633, 12000, 158
6.866, 0, 43.633, 12000, 158
6.866, 0, 43.633, 12000, 158
6.866, 0, 43.633, 12000, 158
6.62, 0, 43.633, 12000, 158
6.62, 0, 43.633, 12000, 156
6.62, 0, 43.633, 12000, 158
6.62, 0, 43.633, 12000, 158
6.457, 0, 43.368, 12000, 158
6.457, 0, 43.368, 12000, 158
6.457, 0, 43.368, 12000, 156
6.457, 0, 43.368, 12000, 156
6.376, 0, 43.192, 12000, 158
6.376, 0, 43.192, 12000, 158
6.376, 0, 43.192, 12000, 158
6.376, 0, 43.192, 12000, 158
6.376, 0, 43.192, 12000, 158
6.376, 0, 43.192, 12000, 158
6.376, 0, 43.192, 12000, 158
6.376, 0, 43.192, 12000, 158
6.417, 0, 42.753, 12000, 158
6.417, 0, 42.753, 12000, 156
6.417, 0, 42.753, 12000, 156
6.417, 0, 42.753, 12000, 158
6.457, 0, 42.228, 12000, 158
6.457, 0, 42.228, 12000, 158
6.457, 0, 42.228, 12000, 158
6.457, 0, 42.228, 12000, 158
6.457, 0, 42.228, 12000, 158
6.457, 0, 42.228, 12000, 158
6.216, 0, 41.617, 12000, 158
6.216, 0, 41.617, 12000, 156
6.216, 0, 41.617, 12000, 158
6.216, 0, 41.617, 12000, 158
6.216, 0, 41.617, 12000, 158
6.216, 0, 41.617, 12000, 158
6.216, 0, 41.617, 12000, 158
5.388, 0, 40.4, 12000, 158
5.388, 0, 40.4, 12000, 158
5.388, 0, 40.4, 12000, 156
5.388, 0, 40.4, 12000, 156
5.388, 0, 40.4, 12000, 156
4.625, 0, 39.445, 12000, 158
4.625, 0, 39.445, 12000, 158
4.625, 0, 39.445, 12000, 158
4.401, 0, 38.233, 12000, 158
4.401, 0, 38.233, 12000, 158
4.401, 0, 38.233, 12000, 158
4.401, 0, 38.233, 12000, 158
4.401, 0, 38.233, 12000, 158
4.401, 0, 38.233, 12000, 158
4.401, 0, 38.233, 12000, 156
4.401, 0, 38.233, 12000, 156
4.401, 0, 38.233, 12000, 158
3.96, 0, 37.113, 12000, 156
3.96, 0, 37.113, 12000, 156
3.96, 0, 37.113, 12000, 156
3.96, 0, 37.113, 12000, 158
3.313, 0, 36.341, 12000, 158
3.313, 0, 36.341, 12000, 158
3.313, 0, 36.341, 12000, 158
2.41, 0, 34.978, 12000, 158
2.41, 0, 34.978, 12000, 158
2.41, 0, 34.978, 12000, 156
2.41, 0, 34.978, 12000, 156
2.41, 0, 34.978, 12000, 158
2.41, 0, 34.978, 12000, 158
2.41, 0, 34.978, 12000, 158
2.41, 0, 34.978, 12000, 158
2.41, 0, 34.978, 12000, 158
1.283, 0, 32.385, 12000, 158
1.283, 0, 32.385, 12000, 158
1.283, 0, 32.385, 12000, 158
1.283, 0, 32.385, 12000, 158
0.899, 0, 30.514, 12000, 158
0.899, 0, 30.514, 12000, 158
0.899, 0, 30.514, 12000, 158
0.899, 0, 30.514, 12000, 158
0.121, 0, 29.164, 12000, 158
0.121, 0, 29.164, 12000, 158
0.121, 0, 29.164, 12000, 158
0.121, 0, 29.164, 12000, 158
0.121, 0, 29.164, 12000, 158
0.121, 0, 29.164, 12000, 158
0.121, 0, 29.164, 12000, 158
0.121, 0, 29.164, 12000, 158
0.121, 0, 27.463, 12000, 158
0.121, 0, 27.463, 12000, 158
0.121, 0, 27.463, 12000, 158
0.121, 0, 27.463, 12000, 158
0.121, 0, 27.463, 12000, 158
0, 0, 25.889, 12000, 158
0, 0, 25.889, 12000, 160
0, 0, 25.889, 12000, 160
0, 0, 24.652, 12000, 158
0, 0, 24.652, 12000, 158
0, 0, 24.652, 12000, 158
0, 0, 24.652, 12000, 158
0, 0, 24.652, 12000, 158
0, 0, 24.652, 12000, 158
0, 0, 24.652, 12000, 158
0, 0, 24.652, 12000, 158
0, 0, 23.448, 12000, 158
0, 0, 23.448, 12000, 158
0, 0, 23.448, 12000, 158
0, 0, 23.448, 12000, 158
0, 0, 23.448, 12000, 158
0, 1.478, 22.075, 12000, 158
0, 1.478, 22.075, 12000, 158
0, 1.478, 22.075, 12000, 158
0, 0, 20.812, 12000, 158
0, 0, 20.812, 12000, 158
0, 0, 20.812, 12000, 158
0, 0, 20.812, 12000, 156
0, 0, 20.812, 12000, 158
0, 0, 20.812, 12000, 158
0, 0, 20.812, 12000, 158
0, 0, 20.812, 12000, 158
0, 0, 20.812, 12000, 158
0, 0, 19.717, 12000, 158
0, 0, 19.717, 12000, 158
0, 0, 19.717, 12000, 158
0, 0, 19.717, 12000, 158
0, 0, 18.348, 12000, 158
0, 0, 18.348, 12000, 158
0, 0, 18.348, 12000, 158
0, 0, 18.348, 12000, 158
0, 0, 16.971, 12000, 158
0, 0, 16.971, 12000, 158
0, 0, 16.971, 12000, 158
0, 0, 16.971, 12000, 160
0, 0, 16.971, 12000, 160
0, 0, 16.971, 12000, 158
0, 0, 16.971, 12000, 158
0, 0, 16.971, 12000, 158
0, 0, 16.563, 12000, 158
0, 0, 16.563, 12000, 158
0, 0, 16.563, 12000, 158
0, 0, 16.563, 12000, 158
0, 0, 15.762, 12000, 158
0, 0, 15.762, 12000, 158
0, 0, 15.762, 12000, 158
0, 0, 15.762, 12000, 158
0, 0, 15.762, 12000, 158
0, 0, 14.816, 12000, 158
0, 0, 14.816, 12000, 158
0, 0, 14.816, 12000, 158
0, 0, 14.816, 12000, 158
0, 0, 14.816, 12000, 158
0, 0, 14.816, 12000, 158
0, 0, 14.816, 12000, 158
0, 0, 13.265, 12000, 158
0, 0, 13.265, 12000, 160
0, 0, 13.265, 12000, 160
0, 0, 13.265, 12000, 158
0, 0, 13.265, 12000, 158
0, 0, 12.493, 12000, 158
0, 0, 12.493, 12000, 158
0, 0, 12.493, 12000, 158
0, 0, 12.493, 12000, 158
0, 0, 11.692, 12000, 158
0, 0, 11.692, 12000, 158
0, 0, 11.692, 12000, 158
0, 0, 11.692, 12000, 158
0, 0, 11.692, 12000, 158
0, 0, 11.692, 12000, 158
0, 0, 11.692, 12000, 158
0, 0, 11.692, 12000, 158
0, 0, 11.496, 12000, 160
0, 0, 11.496, 12000, 160
0, 0, 11.496, 12000, 158
0, 0, 11.496, 12000, 160
0, 0, 11.496, 12000, 160
0, 0, 10.437, 12000, 158
0, 0, 10.437, 12000, 158
0, 0, 10.437, 12000, 158
0, 0, 9.923, 12000, 158
0, 0, 9.923, 12000, 158
0, 0, 9.923, 12000, 158
0, 0, 9.923, 12000, 158
0, 0, 9.923, 12000, 158
0, 0, 9.923, 12000, 158
0, 0, 9.923, 12000, 158
0, 0, 9.923, 12000, 158
0, 0, 9.373, 12000, 158
0, 0, 9.373, 12000, 158
0, 0, 9.373, 12000, 156
0, 0, 9.373, 12000, 156
0, 0, 8.045, 12000, 160
0, 0, 8.045, 12000, 160
0, 0, 8.045, 12000, 160
0, 0, 8.045, 12000, 158
0, 0, 7.618, 12000, 158
0, 0, 7.618, 12000, 158
0, 0, 7.618, 12000, 160
0, 0, 7.618, 12000, 160
0, 0, 7.618, 12000, 158
0, 0, 7.618, 12000, 158
0, 0, 7.618, 12000, 158
0, 0, 7.618, 12000, 160
0, 0, 7.618, 12000, 160
0, 0, 6.866, 12000, 160
0, 0, 6.866, 12000, 160
0, 0, 6.866, 12000, 160
0, 0, 6.866, 12000, 160
0, 0, 5.897, 12000, 158
0, 0, 5.897, 12000, 158
0, 0, 5.897, 12000, 158
0, 0, 5.897, 12000, 158
0, 0, 6.096, 12000, 158
0, 0, 6.096, 12000, 160
0, 0, 6.096, 12000, 160
0, 0, 6.096, 12000, 158
0, 0, 6.096, 12000, 158
0, 0, 6.096, 12000, 158
0, 0, 6.096, 12000, 158
0, 0, 6.096, 12000, 158
0, 0, 5.543, 12000, 158
0, 0, 5.543, 12000, 160
0, 0, 5.543, 12000, 158
0, 0, 5.543, 12000, 158
0, 0, 5.042, 12000, 160
0, 0, 5.042, 12000, 158
0, 0, 5.042, 12000, 158
0, 0, 5.042, 12000, 158
0, 0, 5.042, 12000, 158
0, 0, 4.106, 12000, 158
0, 0, 4.106, 12000, 158
0, 0, 4.106, 12000, 158
0, 0, 4.106, 12000, 158
0, 0, 4.106, 12000, 158
0, 0, 4.106, 12000, 158
0, 0, 4.106, 12000, 158
0, 0, 4.18, 12000, 158
0, 0, 4.18, 12000, 158
0, 0, 4.18, 12000, 158
0, 0, 4.18, 12000, 158
0, 0, 3.742, 12000, 158
0, 0, 3.742, 12000, 158
0, 0, 3.742, 12000, 160
0, 0, 3.742, 12000, 158
0, 0, 3.742, 12000, 158
0, 0, 3.207, 12000, 160
0, 0, 3.207, 12000, 160
0, 0, 3.207, 12000, 158
0, 0, 3.207, 12000, 160
0, 0, 3.207, 12000, 160
0, 0, 3.207, 12000, 160
0, 0, 3.207, 12000, 158
0, 0, 3.207, 12000, 158
0, 0, 2.342, 12000, 158
0, 0, 2.342, 12000, 158
0, 0, 2.342, 12000, 158
0, 0, 2.342, 12000, 158
0, 0, 1.576, 12000, 158
0, 0, 1.576, 12000, 158
0, 0, 1.576, 12000, 158
0, 0, 1.576, 12000, 158
0, 0, 1.446, 12000, 158
0, 0, 1.446, 12000, 158
0, 0, 1.446, 12000, 160
0, 0, 1.446, 12000, 160
0, 0, 1.446, 12000, 160
0, 0, 1.446, 12000, 160
0, 0, 1.446, 12000, 160
0, 0, 1.446, 12000, 158
0, 0, 1.478, 12000, 158
0, 0, 1.478, 12000, 158
0, 0, 1.478, 12000, 158
0, 0, 1.478, 12000, 160
0, 0, 1.511, 12000, 160
0, 0, 1.511, 12000, 160
0, 0, 1.511, 12000, 160
0, 0, 1.511, 12000, 160
0, 0, 1.187, 12000, 158
0, 0, 1.187, 12000, 158
0, 0, 1.187, 12000, 158
0, 0, 1.187, 12000, 158
0, 0, 1.187, 12000, 158
0, 0, 1.187, 12000, 158
0, 0, 1.187, 12000, 158
0, 0, 1.187, 12000, 158
0, 0, 1.348, 12000, 158
0, 0, 1.348, 12000, 158
0, 0, 1.348, 12000, 158
0, 0, 1.348, 12000, 158
0, 0, 1.348, 12000, 160
0, 0, 0.805, 12000, 160
0, 0, 0.805, 12000, 160
0, 0, 0.805, 12000, 160
0, 0, 0.805, 12000, 160
0, 0, 0.836, 12000, 160
0, 0, 0.836, 12000, 160
0, 0, 0.836, 12000, 160
0, 0, 0.836, 12000, 160
0, 0, 0.836, 12000, 158
0, 0, 0.836, 12000, 158
0, 0, 0.836, 12000, 160
0, 0, 0.836, 12000, 160
0, 0, 0.679, 12000, 160
0, 0, 0.679, 12000, 160
0, 0, 0.679, 12000, 158
0, 0, 0.679, 12000, 158
0, 0, 0.679, 12000, 158
0, 0, 0.742, 12000, 158
0, 0, 0.742, 12000, 158
0, 0, 0.742, 12000, 160
0, 0, 0.585, 12000, 158
0, 0, 0.585, 12000, 158
0, 0, 0.585, 12000, 158
0, 0, 0.585, 12000, 158
0, 0, 0.554, 12000, 158
0, 0, 0.554, 12000, 158
0, 0, 0.554, 12000, 158
0, 0, 0.554, 12000, 158
0, 0, 0.554, 12000, 160
0, 0, 0.554, 12000, 160
0, 0, 0.554, 12000, 158
0, 0, 0.554, 12000, 158
0, 0, 0, 0, 0
