0,0,0,0,0,0,9000
0.0,0.0,0.0,0.0,-5.8,58.0,9000.0
0.0,0.0,4.27,0.0,-5.6,56.0,9000.0
0.0,0.0,4.27,0.0,-5.6,56.0,9000.0
0.0,0.0,0.0,0.0,-5.6,56.0,9000.0
0.0,0.0,0.0,0.0,-5.8,58.0,9000.0
0.0,0.0,0.0,0.0,-5.6,56.0,9000.0
0.0,0.0,0.0,0.0,-5.6,56.0,9000.0
0.0,0.0,0.0,0.0,-5.4,54.0,9000.0
0.0,0.0,0.0,0.0,-5.6,56.0,9000.0
0.0,0.0,0.0,0.0,-5.8,58.0,9000.0
0.0,0.0,0.0,0.0,-5.6,56.0,9000.0
0.0,0.0,0.0,0.0,894.4,56.0,9000.0
0.0,0.0,0.0,0.0,893.2,68.0,9000.0
0.0,0.0,0.0,0.0,885.8,142.0,9000.0
0.0,0.0,0.0,0.0,872.2,278.0,9000.0
0.0,0.0,0.0,0.0,856.4,436.0,9000.0
0.0,0.0,0.0,0.0,841.4,586.0,9000.0
0.0,0.0,0.0,0.0,821.8,782.0,9000.0
0.0,0.0,0.0,0.0,802.8,972.0,9000.0
0.0,0.0,0.0,0.0,782.8,1172.0,9000.0
0.0,0.0,0.0,0.0,769.8,1302.0,9000.0
0.0,0.0,0.0,0.0,743.6,1564.0,9000.0
0.0,0.0,0.0,0.0,719.8,1802.0,9000.0
0.0,0.0,0.0,0.0,700.2,1998.0,9000.0
0.0,0.0,0.0,0.0,677.4,2226.0,9000.0
0.0,0.0,0.0,0.0,659.2,2408.0,9000.0
0.0,0.0,0.0,0.0,634.8,2652.0,9000.0
0.0,0.0,0.0,0.0,614.8,2852.0,9000.0
0.0,0.0,0.0,0.0,596.8,3032.0,9000.0
0.0,0.0,0.0,0.0,576.4,3236.0,9000.0
0.0,0.0,0.0,0.0,555.8,3442.0,9000.0
0.0,0.0,0.0,0.0,534.2,3658.0,9000.0
0.0,0.0,0.0,0.0,522.2,3778.0,9000.0
0.0,0.0,0.0,0.0,491.8,4082.0,9000.0
0.0,0.0,0.0,0.0,473.8,4262.0,9000.0
0.0,0.0,0.0,0.0,459.2,4408.0,9000.0
0.0,0.0,0.0,0.0,431.2,4688.0,9000.0
0.0,0.0,0.0,0.0,407.2,4928.0,9000.0
0.0,0.0,0.0,0.0,395.0,5050.0,9000.0
0.0,0.0,0.0,0.0,367.2,5328.0,9000.0
0.0,0.0,0.0,0.0,344.8,5552.0,9000.0
0.0,0.0,0.0,0.0,330.8,5692.0,9000.0
0.0,0.0,0.0,0.0,307.8,5922.0,9000.0
0.0,0.0,0.0,0.0,287.8,6122.0,9000.0
0.0,0.0,0.0,0.0,273.8,6262.0,9000.0
0.0,0.0,0.0,0.0,246.4,6536.0,9000.0
0.0,0.0,0.0,15.05,226.4,6736.0,9000.0
0.0,0.0,0.0,23.19,212.2,6878.0,9000.0
0.0,0.0,6.2,79.53,185.0,7150.0,9000.0
0.0,0.0,15.55,152.47,165.2,7348.0,9000.0
0.0,5.72,16.05,191.45,147.8,7522.0,9000.0
0.0,49.87,21.64,250.46,127.4,7726.0,9000.0
17.06,52.18,23.19,293.05,107.4,7946.0,9000.0
94.63,95.3,29.48,424.05,94.8,8052.0,9000.0
106.32,117.76,40.3,456.83,87.0,8130.0,9000.0
150.85,170.95,55.67,534.22,85.0,8150.0,9000.0
159.07,190.54,61.0,601.2,83.8,8162.0,9000.0
171.82,214.27,69.49,691.43,83.2,8168.0,9000.0
201.72,241.86,71.35,722.98,83.2,8168.0,9000.0
189.62,241.86,71.97,728.9,83.2,8168.0,9000.0
201.72,263.75,75.73,731.88,83.0,8170.0,9000.0
208.42,276.36,76.36,734.88,83.0,8170.0,9000.0
195.15,299.18,80.82,725.94,83.2,8168.0,9000.0
202.67,299.18,84.69,737.89,83.2,8168.0,9000.0
198.89,309.21,86.0,737.89,83.0,8170.0,9000.0
203.62,311.76,87.97,734.88,83.0,8170.0,9000.0
201.72,316.9,89.95,743.96,83.0,8170.0,9000.0
206.49,319.5,97.34,804.76,83.0,8170.0,9000.0
207.46,319.5,105.62,849.95,83.2,8168.0,9000.0
205.53,323.42,105.62,886.94,82.8,8172.0,9000.0
207.46,327.39,106.32,910.14,82.8,8172.0,9000.0
209.39,323.42,111.27,934.13,83.0,8170.0,9000.0
199.83,322.11,110.56,946.44,83.0,8170.0,9000.0
198.89,322.11,111.99,976.02,83.0,8170.0,9000.0
202.67,316.9,113.42,1006.84,82.8,8172.0,9000.0
209.39,314.32,120.69,1020.46,83.0,8170.0,9000.0
205.53,334.09,123.65,1058.01,83.0,8170.0,9000.0
209.39,350.62,125.89,1082.44,82.8,8172.0,9000.0
215.25,363.47,128.9,1092.44,82.8,8172.0,9000.0
208.42,369.31,130.42,1128.45,82.8,8172.0,9000.0
204.58,376.72,134.24,1144.39,82.8,8172.0,9000.0
198.89,375.23,132.71,1144.39,82.8,8172.0,9000.0
199.83,373.74,129.66,1139.04,82.8,8172.0,9000.0
192.38,364.92,127.39,1102.56,82.6,8174.0,9000.0
191.45,357.71,119.96,1097.48,82.6,8174.0,9000.0
174.43,356.28,111.99,1062.83,82.6,8174.0,9000.0
177.94,353.44,109.14,1048.44,82.8,8172.0,9000.0
160.74,349.22,98.7,984.69,82.6,8174.0,9000.0
164.11,345.04,89.95,967.44,82.6,8174.0,9000.0
171.82,343.65,80.17,902.32,82.6,8174.0,9000.0
149.23,343.65,70.11,864.5,82.6,8174.0,9000.0
164.96,345.04,68.88,853.56,82.6,8174.0,9000.0
154.11,335.44,65.82,839.24,82.6,8174.0,9000.0
156.58,331.4,61.0,811.51,82.6,8174.0,9000.0
153.29,327.39,56.26,775.22,82.6,8174.0,9000.0
156.58,327.39,55.67,765.68,82.6,8174.0,9000.0
156.58,327.39,53.92,765.68,82.6,8174.0,9000.0
152.47,324.74,54.5,743.96,82.6,8174.0,9000.0
162.42,315.61,52.18,725.94,82.4,8176.0,9000.0
159.91,310.48,51.02,722.98,82.6,8174.0,9000.0
156.58,309.21,50.45,722.98,82.4,8176.0,9000.0
150.04,306.68,51.6,694.23,82.4,8176.0,9000.0
143.62,304.17,49.3,645.8,82.4,8176.0,9000.0
131.18,296.72,47.02,623.05,82.4,8176.0,9000.0
125.14,299.18,44.76,633.05,82.4,8176.0,9000.0
119.22,300.42,44.2,630.53,82.4,8176.0,9000.0
123.65,294.27,43.64,635.58,82.2,8178.0,9000.0
121.43,290.62,40.3,630.53,82.4,8176.0,9000.0
120.69,293.05,39.75,623.05,82.4,8178.0,9000.0
122.17,290.62,38.1,605.98,82.2,8178.0,9000.0
117.76,290.62,35.92,584.8,82.2,8178.0,9000.0
111.99,289.41,35.92,566.64,82.2,8178.0,9000.0
108.43,279.88,33.21,549.1,82.2,8178.0,9000.0
102.14,277.53,31.6,544.81,82.2,8178.0,9000.0
102.83,274.04,27.89,534.22,82.2,8178.0,9000.0
103.53,271.73,28.42,534.22,82.2,8178.0,9000.0
104.22,272.88,28.95,534.22,82.2,8178.0,9000.0
106.32,274.04,28.95,546.95,82.2,8178.0,9000.0
108.43,271.73,32.68,555.61,82.0,8180.0,9000.0
114.86,272.88,35.37,555.61,82.0,8180.0,9000.0
118.49,274.04,35.37,555.61,82.2,8178.0,9000.0
119.96,275.2,36.46,580.2,82.0,8180.0,9000.0
119.22,271.73,36.46,584.8,82.2,8178.0,9000.0
119.22,275.2,37.55,584.8,82.0,8180.0,9000.0
116.31,275.2,37.01,589.43,82.0,8180.0,9000.0
115.58,275.2,37.01,577.92,82.0,8180.0,9000.0
116.31,275.2,35.92,568.88,82.0,8180.0,9000.0
116.31,275.2,35.92,560.0,82.0,8180.0,9000.0
117.76,276.36,29.48,538.43,82.0,8180.0,9000.0
116.31,275.2,28.42,511.7,82.0,8180.0,9000.0
119.96,276.36,29.48,519.77,81.8,8182.0,9000.0
120.69,277.53,31.6,517.74,82.0,8180.0,9000.0
121.43,277.53,31.07,505.72,81.8,8182.0,9000.0
121.43,278.7,31.6,503.75,82.0,8180.0,9000.0
122.17,279.88,31.07,499.82,81.6,8184.0,9000.0
123.65,279.88,32.68,511.7,81.8,8182.0,9000.0
124.4,279.88,32.68,519.77,81.8,8182.0,9000.0
127.39,281.06,34.29,523.86,81.8,8182.0,9000.0
131.94,282.24,35.37,521.81,81.8,8182.0,9000.0
131.94,282.24,34.83,521.81,81.8,8182.0,9000.0
135.02,282.24,35.37,525.91,81.8,8182.0,9000.0
135.02,284.61,35.92,538.43,81.8,8182.0,9000.0
135.79,283.42,35.37,542.67,81.8,8182.0,9000.0
136.56,284.61,35.92,553.43,81.6,8184.0,9000.0
137.34,285.81,37.01,553.43,81.6,8184.0,9000.0
138.9,285.81,37.01,557.8,81.8,8182.0,9000.0
140.47,284.61,36.46,566.64,81.8,8182.0,9000.0
140.47,287.0,37.01,566.64,81.8,8182.0,9000.0
142.04,285.81,35.92,566.64,81.8,8182.0,9000.0
142.04,285.81,35.37,562.2,81.6,8184.0,9000.0
144.42,285.81,34.83,571.12,81.6,8184.0,9000.0
143.62,287.0,35.37,566.64,81.6,8184.0,9000.0
143.62,285.81,35.37,566.64,81.6,8184.0,9000.0
143.62,287.0,34.83,564.42,81.8,8182.0,9000.0
143.62,287.0,32.68,560.0,81.6,8184.0,9000.0
144.42,285.81,34.29,538.43,81.6,8184.0,9000.0
145.21,284.61,33.21,536.32,81.6,8184.0,9000.0
146.01,284.61,33.21,530.05,81.6,8184.0,9000.0
146.81,285.81,33.75,532.13,81.6,8184.0,9000.0
150.04,287.0,33.75,534.22,81.6,8184.0,9000.0
150.85,287.0,32.68,532.13,81.6,8184.0,9000.0
151.66,285.81,31.6,530.05,81.6,8184.0,9000.0
151.66,285.81,33.75,521.81,81.6,8184.0,9000.0
152.47,284.61,34.29,538.43,81.4,8186.0,9000.0
152.47,285.81,33.75,534.22,81.6,8184.0,9000.0
152.47,285.81,35.37,536.32,81.6,8184.0,9000.0
153.29,284.61,35.37,536.32,81.4,8186.0,9000.0
153.29,284.61,35.92,538.43,81.4,8186.0,9000.0
153.29,284.61,34.83,538.43,81.6,8184.0,9000.0
152.47,283.42,35.37,540.55,81.4,8186.0,9000.0
154.11,284.61,33.21,538.43,81.6,8184.0,9000.0
154.11,285.81,32.68,534.22,81.6,8184.0,9000.0
154.11,285.81,32.68,532.13,81.4,8186.0,9000.0
154.11,284.61,32.68,521.81,81.4,8186.0,9000.0
154.11,285.81,32.14,517.74,81.4,8186.0,9000.0
154.11,285.81,32.68,517.74,81.6,8186.0,9000.0
155.76,285.81,33.21,511.7,81.4,8186.0,9000.0
156.58,284.61,33.21,507.71,81.6,8184.0,9000.0
155.76,283.42,31.07,509.7,81.6,8184.0,9000.0
156.58,283.42,32.14,513.7,81.4,8186.0,9000.0
156.58,282.24,32.14,501.78,81.6,8184.0,9000.0
156.58,282.24,32.14,503.75,81.4,8186.0,9000.0
156.58,282.24,32.14,503.75,81.4,8186.0,9000.0
156.58,282.24,32.14,507.71,81.4,8186.0,9000.0
156.58,282.24,32.14,495.93,81.4,8186.0,9000.0
156.58,281.06,31.6,503.75,81.2,8188.0,9000.0
157.41,279.88,32.14,497.87,81.6,8184.0,9000.0
157.41,278.7,33.21,488.23,81.4,8186.0,9000.0
157.41,278.7,32.14,482.54,81.4,8186.0,9000.0
158.24,275.2,32.14,480.66,81.4,8186.0,9000.0
158.24,274.04,31.6,480.66,81.4,8186.0,9000.0
158.24,271.73,32.68,480.66,81.4,8186.0,9000.0
157.41,269.43,33.75,488.23,81.4,8186.0,9000.0
158.24,270.58,32.14,501.78,81.2,8188.0,9000.0
155.76,268.29,32.68,503.75,81.2,8188.0,9000.0
157.41,267.15,33.21,497.87,81.2,8188.0,9000.0
150.85,260.38,32.14,493.99,81.4,8186.0,9000.0
149.23,263.75,31.07,493.99,81.4,8186.0,9000.0
151.66,268.29,31.07,484.43,81.2,8188.0,9000.0
152.47,271.73,30.54,486.33,81.2,8188.0,9000.0
152.47,270.58,31.07,484.43,81.2,8188.0,9000.0
159.07,269.43,33.21,471.35,81.2,8188.0,9000.0
160.74,271.73,32.68,476.91,81.2,8188.0,9000.0
159.07,270.58,32.68,486.33,81.2,8188.0,9000.0
159.07,271.73,32.14,488.23,81.2,8188.0,9000.0
159.91,272.88,33.21,493.99,81.2,8188.0,9000.0
160.74,275.2,33.75,499.82,81.2,8188.0,9000.0
159.91,272.88,33.75,503.75,81.2,8188.0,9000.0
160.74,274.04,34.83,505.72,81.2,8188.0,9000.0
159.91,272.88,34.29,509.7,81.2,8188.0,9000.0
160.74,272.88,35.37,509.7,81.2,8188.0,9000.0
161.58,275.2,34.83,511.7,81.2,8188.0,9000.0
160.74,277.53,35.37,511.7,81.2,8188.0,9000.0
161.58,276.36,34.83,513.7,81.0,8190.0,9000.0
163.26,277.53,35.92,515.72,81.2,8188.0,9000.0
163.26,278.7,35.92,521.81,81.0,8190.0,9000.0
163.26,276.36,35.92,523.86,81.0,8190.0,9000.0
163.26,278.7,35.92,530.05,81.0,8190.0,9000.0
164.11,278.7,35.92,536.32,81.0,8190.0,9000.0
164.11,278.7,35.37,532.13,81.2,8188.0,9000.0
163.26,279.88,34.83,538.43,81.0,8190.0,9000.0
163.26,279.88,35.37,540.55,81.0,8190.0,9000.0
163.26,282.24,34.29,546.95,81.0,8190.0,9000.0
164.11,282.24,32.68,538.43,81.0,8190.0,9000.0
163.26,281.06,34.29,540.55,81.0,8190.0,9000.0
168.37,282.24,34.83,540.55,81.0,8190.0,9000.0
165.81,282.24,34.29,536.32,81.2,8188.0,9000.0
170.09,282.24,32.14,517.74,81.0,8190.0,9000.0
169.23,281.06,30.54,507.71,81.0,8190.0,9000.0
170.95,279.88,30.54,497.87,81.0,8190.0,9000.0
170.95,278.7,31.07,490.15,80.8,8192.0,9000.0
172.68,278.7,32.14,475.05,81.0,8190.0,9000.0
170.09,277.53,31.6,478.78,81.0,8190.0,9000.0
164.96,277.53,32.14,480.66,81.0,8190.0,9000.0
165.81,279.88,33.75,478.78,80.8,8192.0,9000.0
164.96,278.7,34.29,476.91,80.8,8192.0,9000.0
165.81,279.88,34.29,484.43,81.0,8190.0,9000.0
166.66,281.06,34.29,486.33,80.8,8192.0,9000.0
171.82,279.88,33.75,486.33,80.8,8192.0,9000.0
169.23,279.88,35.37,492.07,80.8,8192.0,9000.0
166.66,279.88,37.01,492.07,80.8,8192.0,9000.0
163.26,278.7,39.75,495.93,80.8,8192.0,9000.0
166.66,277.53,38.1,493.99,80.8,8192.0,9000.0
170.95,278.7,39.2,499.82,80.8,8192.0,9000.0
170.95,277.53,39.2,499.82,81.0,8190.0,9000.0
173.55,279.88,39.75,499.82,81.0,8190.0,9000.0
172.68,281.06,39.75,492.07,80.8,8192.0,9000.0
174.43,281.06,40.3,497.87,80.8,8192.0,9000.0
170.95,279.88,41.97,501.78,80.8,8192.0,9000.0
163.26,279.88,42.52,501.78,80.8,8192.0,9000.0
153.29,281.06,43.08,513.7,80.6,8194.0,9000.0
152.47,279.88,42.52,513.7,80.8,8192.0,9000.0
154.93,281.06,44.2,515.72,80.8,8192.0,9000.0
153.29,279.88,44.76,519.77,80.8,8192.0,9000.0
147.62,279.88,46.46,519.77,80.8,8192.0,9000.0
147.62,279.88,47.59,530.05,80.8,8192.0,9000.0
146.81,279.88,48.16,530.05,80.8,8192.0,9000.0
142.04,279.88,48.73,523.86,80.8,8192.0,9000.0
141.25,279.88,48.16,521.81,80.8,8192.0,9000.0
146.01,281.06,48.16,519.77,80.8,8192.0,9000.0
146.81,279.88,45.89,523.86,80.8,8194.0,9000.0
143.62,278.7,47.02,517.74,80.8,8192.0,9000.0
143.62,277.53,51.6,515.72,80.8,8192.0,9000.0
143.62,278.7,59.21,517.74,80.8,8192.0,9000.0
148.42,278.7,65.21,523.86,80.6,8194.0,9000.0
142.04,278.7,71.97,551.26,80.6,8194.0,9000.0
143.62,277.53,72.59,555.61,80.8,8192.0,9000.0
145.21,274.04,74.47,551.26,80.8,8192.0,9000.0
147.62,272.88,80.82,560.0,80.8,8192.0,9000.0
146.81,268.29,80.82,564.42,80.8,8192.0,9000.0
147.62,270.58,81.46,562.2,80.6,8194.0,9000.0
143.62,268.29,90.61,562.2,80.8,8192.0,9000.0
142.04,264.88,93.28,580.2,80.6,8194.0,9000.0
138.9,261.5,98.02,584.8,80.6,8194.0,9000.0
132.71,267.15,100.07,594.11,80.6,8194.0,9000.0
131.94,269.43,102.83,582.49,80.6,8194.0,9000.0
130.42,267.15,104.22,587.11,80.6,8194.0,9000.0
130.42,267.15,102.83,596.46,80.6,8194.0,9000.0
130.42,267.15,105.62,591.77,80.6,8194.0,9000.0
129.66,267.15,106.32,601.2,80.6,8194.0,9000.0
131.18,266.01,109.14,601.2,80.6,8194.0,9000.0
131.18,266.01,110.56,598.83,80.6,8194.0,9000.0
131.18,266.01,112.7,589.43,80.8,8192.0,9000.0
130.42,266.01,113.42,596.46,80.6,8194.0,9000.0
130.42,266.01,113.42,596.46,80.8,8192.0,9000.0
130.42,267.15,114.14,610.8,80.6,8194.0,9000.0
131.18,266.01,113.42,605.98,80.8,8192.0,9000.0
131.94,267.15,112.7,601.2,80.4,8196.0,9000.0
132.71,268.29,113.42,603.59,80.4,8196.0,9000.0
131.94,269.43,116.31,608.39,80.4,8196.0,9000.0
131.94,270.58,114.86,608.39,80.6,8194.0,9000.0
132.71,270.58,114.14,610.8,80.6,8194.0,9000.0
132.71,270.58,114.86,615.67,80.6,8194.0,9000.0
132.71,270.58,114.14,613.23,80.6,8194.0,9000.0
132.71,270.58,113.42,608.39,80.6,8194.0,9000.0
136.56,271.73,116.31,618.12,80.4,8196.0,9000.0
135.79,272.88,120.69,623.05,80.6,8194.0,9000.0
137.34,272.88,121.43,620.58,80.4,8196.0,9000.0
138.9,272.88,131.18,630.53,80.4,8196.0,9000.0
139.68,272.88,131.94,630.53,80.4,8196.0,9000.0
141.25,272.88,133.48,630.53,80.4,8196.0,9000.0
142.83,272.88,134.24,628.03,80.4,8196.0,9000.0
144.42,272.88,134.24,620.58,80.4,8196.0,9000.0
144.42,274.04,133.48,620.58,80.4,8196.0,9000.0
145.21,274.04,134.24,613.23,80.4,8196.0,9000.0
145.21,275.2,132.71,615.67,80.6,8194.0,9000.0
144.42,274.04,135.02,615.67,80.4,8196.0,9000.0
142.04,272.88,135.02,615.67,80.4,8196.0,9000.0
142.83,268.29,135.79,613.23,80.4,8196.0,9000.0
140.47,268.29,135.02,615.67,80.4,8196.0,9000.0
138.12,269.43,135.02,623.05,80.4,8196.0,9000.0
138.12,270.58,135.79,623.05,80.4,8196.0,9000.0
138.9,274.04,137.34,623.05,80.4,8196.0,9000.0
138.9,274.04,139.68,620.58,80.4,8196.0,9000.0
141.25,274.04,133.48,618.12,80.4,8196.0,9000.0
140.47,274.04,131.94,625.53,80.4,8196.0,9000.0
140.47,274.04,131.18,620.58,80.4,8196.0,9000.0
140.47,274.04,134.24,625.53,80.4,8196.0,9000.0
139.68,274.04,136.56,623.05,80.4,8196.0,9000.0
138.9,274.04,135.79,628.03,80.4,8196.0,9000.0
137.34,275.2,134.24,623.05,80.4,8196.0,9000.0
137.34,269.43,131.18,623.05,80.4,8196.0,9000.0
138.12,268.29,126.64,620.58,80.4,8196.0,9000.0
137.34,266.01,120.69,603.59,80.4,8196.0,9000.0
138.9,267.15,118.49,596.46,80.4,8196.0,9000.0
138.9,266.01,115.58,594.11,80.4,8196.0,9000.0
138.9,266.01,117.03,587.11,80.2,8198.0,9000.0
139.68,262.62,113.42,582.49,80.4,8196.0,9000.0
140.47,261.5,114.86,582.49,80.4,8196.0,9000.0
139.68,261.5,114.14,582.49,80.4,8196.0,9000.0
140.47,261.5,114.86,582.49,80.4,8196.0,9000.0
140.47,262.62,114.14,580.2,80.4,8196.0,9000.0
141.25,261.5,112.7,573.38,80.4,8196.0,9000.0
140.47,261.5,112.7,575.64,80.4,8196.0,9000.0
140.47,261.5,111.99,575.64,80.4,8196.0,9000.0
141.25,261.5,111.99,580.2,80.4,8196.0,9000.0
140.47,261.5,113.42,580.2,80.4,8196.0,9000.0
140.47,259.27,113.42,589.43,80.4,8196.0,9000.0
140.47,260.38,117.03,591.77,80.2,8198.0,9000.0
140.47,261.5,117.76,587.11,80.2,8198.0,9000.0
140.47,261.5,121.43,591.77,80.2,8198.0,9000.0
140.47,262.62,120.69,587.11,80.2,8198.0,9000.0
140.47,262.62,120.69,584.8,80.2,8198.0,9000.0
140.47,262.62,118.49,584.8,80.2,8198.0,9000.0
140.47,262.62,117.03,587.11,80.4,8196.0,9000.0
139.68,262.62,113.42,575.64,80.4,8196.0,9000.0
140.47,262.62,114.86,589.43,80.2,8198.0,9000.0
141.25,262.62,114.14,591.77,80.2,8198.0,9000.0
140.47,262.62,114.86,603.59,80.2,8198.0,9000.0
140.47,262.62,114.14,601.2,80.2,8198.0,9000.0
140.47,263.75,114.86,605.98,80.2,8198.0,9000.0
140.47,263.75,119.22,613.23,80.4,8196.0,9000.0
142.04,263.75,121.43,618.12,80.2,8198.0,9000.0
144.42,264.88,121.43,618.12,80.2,8198.0,9000.0
144.42,264.88,122.17,610.8,80.4,8196.0,9000.0
142.04,262.62,122.91,613.23,80.2,8198.0,9000.0
142.83,263.75,121.43,618.12,80.2,8198.0,9000.0
142.04,262.62,118.49,610.8,80.2,8198.0,9000.0
142.83,263.75,116.31,610.8,80.2,8198.0,9000.0
142.04,266.01,113.42,608.39,80.2,8198.0,9000.0
140.47,266.01,113.42,610.8,80.2,8198.0,9000.0
141.25,266.01,114.86,610.8,80.4,8196.0,9000.0
140.47,266.01,115.58,605.98,80.2,8198.0,9000.0
141.25,267.15,117.76,610.8,80.2,8198.0,9000.0
140.47,267.15,117.03,608.39,80.2,8198.0,9000.0
140.47,267.15,117.03,610.8,80.2,8198.0,9000.0
140.47,267.15,117.03,608.39,80.2,8198.0,9000.0
139.68,266.01,116.31,610.8,80.2,8198.0,9000.0
140.47,266.01,117.76,613.23,80.2,8198.0,9000.0
139.68,267.15,118.49,613.23,80.2,8198.0,9000.0
140.47,267.15,117.03,613.23,80.2,8198.0,9000.0
140.47,267.15,117.76,615.67,80.2,8198.0,9000.0
140.47,267.15,117.76,615.67,80.2,8198.0,9000.0
140.47,268.29,117.03,613.23,80.2,8198.0,9000.0
140.47,268.29,114.86,610.8,80.2,8198.0,9000.0
140.47,268.29,114.86,613.23,80.2,8198.0,9000.0
140.47,267.15,115.58,610.8,80.2,8198.0,9000.0
140.47,267.15,114.14,610.8,80.2,8198.0,9000.0
140.47,267.15,113.42,605.98,80.2,8198.0,9000.0
140.47,267.15,107.73,598.83,80.2,8198.0,9000.0
140.47,267.15,101.45,594.11,80.2,8198.0,9000.0
139.68,268.29,94.63,577.92,80.2,8198.0,9000.0
138.12,266.01,91.28,544.81,80.2,8198.0,9000.0
138.9,267.15,88.63,540.55,80.2,8198.0,9000.0
138.9,267.15,84.69,538.43,80.2,8198.0,9000.0
138.9,266.01,85.35,532.13,80.2,8198.0,9000.0
138.9,266.01,80.82,519.77,80.2,8198.0,9000.0
137.34,266.01,82.75,519.77,80.2,8198.0,9000.0
135.79,267.15,82.75,519.77,80.2,8198.0,9000.0
135.02,267.15,84.04,517.74,80.2,8198.0,9000.0
135.02,266.01,85.35,517.74,80.2,8198.0,9000.0
134.24,267.15,89.95,521.81,80.2,8198.0,9000.0
134.24,267.15,92.61,521.81,80.2,8198.0,9000.0
133.48,267.15,93.28,521.81,80.2,8198.0,9000.0
133.48,266.01,93.28,527.98,80.2,8198.0,9000.0
133.48,266.01,93.28,530.05,80.2,8198.0,9000.0
133.48,269.43,93.96,527.98,80.2,8198.0,9000.0
134.24,268.29,95.3,530.05,80.0,8200.0,9000.0
135.02,268.29,95.98,525.91,80.2,8198.0,9000.0
135.02,268.29,95.3,527.98,80.0,8200.0,9000.0
135.79,268.29,95.98,542.67,80.2,8198.0,9000.0
135.79,268.29,95.98,542.67,80.0,8200.0,9000.0
135.79,268.29,98.02,540.55,80.2,8198.0,9000.0
135.79,268.29,98.7,542.67,80.0,8200.0,9000.0
135.79,269.43,99.39,544.81,80.0,8200.0,9000.0
135.79,268.29,98.7,546.95,79.8,8202.0,9000.0
135.79,268.29,99.39,544.81,80.0,8200.0,9000.0
135.79,268.29,99.39,549.1,80.0,8200.0,9000.0
131.18,268.29,100.07,546.95,80.0,8200.0,9000.0
131.18,268.29,99.39,551.26,80.0,8200.0,9000.0
130.42,268.29,100.76,551.26,80.2,8198.0,9000.0
130.42,268.29,100.76,551.26,80.2,8198.0,9000.0
131.18,268.29,101.45,551.26,80.2,8198.0,9000.0
131.18,268.29,100.76,553.43,80.2,8198.0,9000.0
131.94,268.29,101.45,553.43,80.2,8198.0,9000.0
131.94,269.43,102.14,551.26,80.2,8198.0,9000.0
131.94,268.29,100.76,540.55,80.0,8200.0,9000.0
131.18,267.15,97.34,536.32,80.2,8198.0,9000.0
131.94,268.29,93.28,544.81,80.0,8200.0,9000.0
128.9,268.29,90.61,534.22,80.0,8200.0,9000.0
128.9,268.29,85.35,536.32,80.2,8198.0,9000.0
128.9,267.15,85.35,538.43,80.2,8198.0,9000.0
126.64,267.15,84.04,536.32,80.2,8198.0,9000.0
125.89,267.15,82.75,536.32,80.0,8200.0,9000.0
126.64,268.29,82.75,532.13,80.2,8198.0,9000.0
128.9,268.29,86.0,534.22,80.0,8200.0,9000.0
128.9,268.29,87.31,530.05,80.0,8200.0,9000.0
129.66,267.15,89.95,523.86,80.0,8200.0,9000.0
130.42,267.15,89.29,515.72,80.0,8200.0,9000.0
128.9,271.73,92.61,499.82,80.0,8200.0,9000.0
127.39,271.73,91.95,501.78,80.0,8200.0,9000.0
125.89,272.88,95.98,509.7,80.2,8198.0,9000.0
125.89,269.43,95.98,505.72,80.0,8200.0,9000.0
125.89,263.75,99.39,501.78,80.2,8198.0,9000.0
123.65,266.01,102.14,492.07,80.0,8200.0,9000.0
123.65,262.62,100.76,484.43,80.0,8200.0,9000.0
124.4,260.38,101.45,473.2,80.0,8200.0,9000.0
125.14,261.5,102.83,462.22,80.0,8200.0,9000.0
123.65,259.27,104.22,449.73,80.0,8200.0,9000.0
125.89,260.38,109.85,432.45,80.0,8200.0,9000.0
125.89,260.38,109.14,435.86,79.8,8202.0,9000.0
125.14,261.5,109.14,437.57,80.2,8198.0,9000.0
125.89,261.5,111.27,434.15,80.0,8200.0,9000.0
125.89,260.38,111.27,446.22,80.0,8200.0,9000.0
125.89,259.27,111.27,442.74,80.0,8200.0,9000.0
125.14,259.27,111.27,441.01,80.0,8200.0,9000.0
125.89,258.15,112.7,446.22,80.0,8200.0,9000.0
125.89,258.15,111.27,444.48,80.2,8198.0,9000.0
125.14,257.04,109.85,444.48,80.0,8200.0,9000.0
127.39,255.94,110.56,446.22,80.0,8200.0,9000.0
127.39,254.84,109.14,447.98,80.0,8200.0,9000.0
127.39,255.94,107.73,446.22,80.2,8198.0,9000.0
127.39,257.04,105.62,444.48,79.8,8202.0,9000.0
127.39,255.94,104.22,455.04,80.0,8200.0,9000.0
130.42,257.04,103.53,449.73,80.0,8200.0,9000.0
129.66,258.15,106.32,449.73,79.8,8202.0,9000.0
128.15,257.04,106.32,453.27,80.0,8200.0,9000.0
128.9,258.15,106.32,455.04,80.0,8200.0,9000.0
129.66,258.15,107.73,458.62,80.0,8200.0,9000.0
128.9,258.15,108.43,464.03,80.2,8198.0,9000.0
129.66,257.04,107.73,467.68,80.0,8200.0,9000.0
125.89,257.04,108.43,473.2,80.2,8198.0,9000.0
127.39,254.84,109.14,478.78,80.0,8200.0,9000.0
127.39,255.94,109.14,478.78,80.0,8200.0,9000.0
126.64,254.84,109.85,484.43,80.0,8200.0,9000.0
128.15,259.27,109.85,490.15,79.8,8202.0,9000.0
128.15,257.04,109.85,480.66,80.0,8200.0,9000.0
128.15,258.15,111.27,482.54,80.0,8200.0,9000.0
128.15,255.94,109.85,482.54,80.0,8200.0,9000.0
129.66,255.94,109.85,486.33,80.0,8200.0,9000.0
129.66,250.46,108.43,486.33,79.8,8202.0,9000.0
129.66,249.37,106.32,486.33,80.0,8200.0,9000.0
130.42,243.99,104.22,482.54,80.0,8200.0,9000.0
129.66,243.99,105.62,482.54,80.0,8200.0,9000.0
129.66,246.13,106.32,484.43,80.0,8200.0,9000.0
130.42,246.13,106.32,484.43,80.0,8200.0,9000.0
131.18,245.06,107.73,484.43,80.0,8200.0,9000.0
131.18,245.06,107.73,482.54,80.0,8200.0,9000.0
131.18,245.06,106.32,478.78,79.8,8202.0,9000.0
132.71,241.86,107.02,473.2,80.0,8200.0,9000.0
132.71,242.92,107.02,475.05,80.0,8200.0,9000.0
132.71,241.86,108.43,476.91,80.0,8200.0,9000.0
132.71,240.8,107.02,475.05,80.0,8200.0,9000.0
132.71,241.86,105.62,475.05,80.0,8200.0,9000.0
132.71,240.8,105.62,473.2,80.0,8200.0,9000.0
132.71,241.86,103.53,473.2,80.0,8200.0,9000.0
133.48,241.86,102.83,473.2,80.0,8200.0,9000.0
132.71,241.86,102.14,475.05,80.0,8200.0,9000.0
132.71,242.92,102.83,475.05,80.0,8200.0,9000.0
132.71,241.86,103.53,476.91,80.0,8200.0,9000.0
132.71,241.86,103.53,476.91,80.0,8200.0,9000.0
133.48,241.86,102.83,475.05,79.8,8202.0,9000.0
133.48,241.86,103.53,475.05,80.0,8200.0,9000.0
132.71,241.86,103.53,476.91,79.8,8202.0,9000.0
132.71,243.99,103.53,476.91,79.8,8202.0,9000.0
132.71,240.8,104.22,482.54,79.8,8202.0,9000.0
132.71,240.8,105.62,484.43,80.0,8200.0,9000.0
132.71,240.8,105.62,488.23,80.0,8200.0,9000.0
132.71,240.8,105.62,488.23,80.0,8200.0,9000.0
132.71,241.86,105.62,490.15,79.8,8202.0,9000.0
131.94,240.8,103.53,488.23,79.8,8202.0,9000.0
132.71,240.8,98.02,488.23,79.8,8202.0,9000.0
132.71,243.99,98.02,484.43,79.8,8202.0,9000.0
132.71,243.99,97.34,482.54,79.8,8202.0,9000.0
131.18,243.99,95.98,480.66,80.0,8200.0,9000.0
131.18,245.06,93.28,471.35,80.0,8200.0,9000.0
130.42,246.13,89.29,471.35,80.0,8200.0,9000.0
131.18,246.13,90.61,471.35,80.0,8200.0,9000.0
130.42,246.13,93.28,475.05,79.8,8202.0,9000.0
130.42,246.13,95.3,476.91,80.0,8200.0,9000.0
129.66,246.13,95.98,480.66,79.8,8202.0,9000.0
129.66,247.21,97.34,484.43,79.8,8202.0,9000.0
130.42,247.21,95.98,488.23,79.8,8202.0,9000.0
129.66,247.21,98.02,486.33,79.8,8202.0,9000.0
129.66,247.21,98.7,488.23,80.0,8200.0,9000.0
129.66,247.21,99.39,488.23,79.8,8202.0,9000.0
129.66,247.21,100.07,492.07,80.0,8200.0,9000.0
129.66,246.13,99.39,492.07,79.8,8202.0,9000.0
129.66,246.13,99.39,492.07,79.8,8202.0,9000.0
128.9,247.21,99.39,492.07,79.8,8202.0,9000.0
129.66,247.21,100.07,492.07,79.8,8202.0,9000.0
128.9,247.21,100.76,493.99,79.8,8202.0,9000.0
128.9,247.21,100.76,493.99,79.8,8202.0,9000.0
128.9,247.21,102.14,501.78,79.8,8202.0,9000.0
128.9,242.92,103.53,495.93,79.8,8202.0,9000.0
130.42,241.86,103.53,493.99,80.0,8200.0,9000.0
129.66,242.92,104.22,497.87,79.8,8202.0,9000.0
130.42,240.8,103.53,497.87,80.0,8200.0,9000.0
128.9,232.42,102.14,490.15,79.8,8202.0,9000.0
128.15,232.42,96.66,478.78,79.8,8202.0,9000.0
128.15,222.22,91.95,473.2,80.0,8200.0,9000.0
127.39,218.22,82.75,462.22,79.8,8202.0,9000.0
126.64,216.24,79.53,451.5,79.8,8202.0,9000.0
124.4,208.42,71.97,419.09,79.8,8202.0,9000.0
123.65,195.15,65.82,391.94,80.0,8200.0,9000.0
123.65,191.45,64.6,376.72,79.8,8202.0,9000.0
119.96,187.8,61.0,352.03,79.8,8202.0,9000.0
116.31,188.71,61.0,346.43,79.8,8202.0,9000.0
113.42,182.38,61.59,340.9,79.8,8202.0,9000.0
111.27,170.09,55.08,342.27,79.8,8202.0,9000.0
105.62,163.26,55.67,347.82,80.0,8200.0,9000.0
104.92,163.26,56.26,350.62,79.8,8202.0,9000.0
106.32,167.51,58.02,339.53,79.8,8202.0,9000.0
104.92,166.66,59.8,353.44,79.8,8202.0,9000.0
104.92,168.37,58.62,353.44,79.8,8202.0,9000.0
104.92,168.37,66.43,353.44,79.8,8202.0,9000.0
105.62,164.96,67.04,353.44,79.8,8202.0,9000.0
107.73,164.96,68.88,363.47,80.0,8200.0,9000.0
109.14,167.51,71.35,373.74,79.8,8202.0,9000.0
109.14,168.37,72.59,395.05,80.0,8200.0,9000.0
111.99,169.23,73.84,398.18,79.8,8202.0,9000.0
114.14,170.95,73.84,406.1,79.8,8202.0,9000.0
114.86,171.82,73.22,406.1,80.0,8200.0,9000.0
114.86,171.82,73.84,406.1,79.8,8202.0,9000.0
114.86,171.82,74.47,407.71,79.8,8202.0,9000.0
115.58,173.55,73.84,407.71,80.0,8200.0,9000.0
114.86,171.82,73.84,407.71,79.8,8202.0,9000.0
115.58,171.82,76.36,410.93,80.0,8200.0,9000.0
114.86,174.43,76.36,412.55,79.8,8202.0,9000.0
114.86,174.43,79.53,414.17,79.8,8202.0,9000.0
114.86,177.06,80.17,420.74,79.8,8202.0,9000.0
113.42,178.82,80.17,425.72,79.8,8202.0,9000.0
112.7,180.6,80.82,427.39,79.8,8202.0,9000.0
111.27,182.38,80.17,427.39,79.8,8202.0,9000.0
112.7,183.28,80.17,432.45,79.8,8202.0,9000.0
113.42,184.18,80.82,439.29,79.8,8202.0,9000.0
113.42,186.89,80.17,434.15,79.8,8202.0,9000.0
117.03,188.71,79.53,427.39,79.8,8202.0,9000.0
117.76,188.71,81.46,425.72,79.8,8202.0,9000.0
117.76,191.45,82.1,424.05,79.8,8202.0,9000.0
118.49,192.38,82.75,429.07,79.8,8202.0,9000.0
118.49,192.38,83.4,430.76,80.0,8200.0,9000.0
117.76,191.45,84.69,429.07,79.8,8202.0,9000.0
117.76,192.38,84.04,430.76,79.8,8202.0,9000.0
117.76,193.3,86.0,437.57,80.0,8200.0,9000.0
118.49,192.38,84.04,437.57,79.8,8202.0,9000.0
119.22,192.38,82.75,444.48,79.8,8202.0,9000.0
118.49,193.3,82.1,441.01,79.8,8202.0,9000.0
118.49,194.22,81.46,441.01,79.8,8202.0,9000.0
119.22,193.3,81.46,446.22,79.8,8202.0,9000.0
119.22,193.3,80.82,442.74,79.8,8202.0,9000.0
119.22,193.3,81.46,444.48,80.0,8200.0,9000.0
119.96,193.3,80.82,441.01,79.8,8202.0,9000.0
119.96,194.22,81.46,442.74,79.8,8202.0,9000.0
119.96,194.22,80.82,442.74,79.8,8202.0,9000.0
119.96,192.38,81.46,441.01,79.8,8202.0,9000.0
120.69,193.3,81.46,447.98,79.8,8202.0,9000.0
120.69,192.38,81.46,451.5,79.8,8202.0,9000.0
119.96,191.45,79.53,446.22,79.8,8202.0,9000.0
120.69,191.45,78.9,437.57,79.8,8202.0,9000.0
120.69,183.28,71.35,412.55,79.8,8202.0,9000.0
120.69,178.82,58.62,364.92,79.8,8202.0,9000.0
119.22,172.68,51.02,319.5,79.6,8204.0,9000.0
117.03,170.95,43.64,311.76,79.8,8202.0,9000.0
114.86,171.82,40.3,302.91,79.8,8202.0,9000.0
114.86,176.18,40.86,295.49,79.8,8202.0,9000.0
114.86,176.18,41.41,299.18,79.8,8202.0,9000.0
111.99,176.18,42.52,305.42,79.8,8202.0,9000.0
114.14,177.94,43.08,322.11,79.8,8202.0,9000.0
113.42,177.94,44.2,334.09,79.8,8202.0,15000.0
113.42,177.94,45.33,339.53,679.8,8202.0,15000.0
113.42,177.06,45.33,340.9,675.0,8250.0,15000.0
111.27,174.43,44.76,343.65,667.0,8330.0,15000.0
113.42,170.95,43.64,340.9,665.0,8350.0,15000.0
111.27,172.68,45.89,354.86,661.4,8386.0,15000.0
114.14,176.18,45.89,362.02,657.8,8422.0,15000.0
110.56,177.06,45.33,367.84,654.6,8454.0,15000.0
109.85,177.06,45.33,359.14,647.8,8522.0,15000.0
108.43,177.94,45.89,362.02,642.0,8580.0,15000.0
100.76,173.55,47.59,354.86,636.8,8632.0,15000.0
104.22,178.82,46.46,369.31,625.6,8744.0,15000.0
102.14,177.94,48.73,373.74,616.6,8834.0,15000.0
104.22,175.3,50.45,372.26,608.8,8912.0,15000.0
106.32,180.6,52.18,375.23,594.8,9052.0,15000.0
106.32,185.08,55.67,375.23,582.0,9180.0,15000.0
107.73,186.89,55.67,379.72,573.2,9268.0,15000.0
107.73,185.08,58.02,382.74,556.2,9438.0,15000.0
107.02,182.38,64.0,398.18,544.0,9560.0,15000.0
107.73,179.71,64.6,401.33,535.4,9646.0,15000.0
106.32,187.8,66.43,395.05,510.4,9896.0,15000.0
111.27,188.71,70.11,399.75,503.2,9968.0,15000.0
109.85,185.08,80.17,396.61,480.0,10200.0,15000.0
107.73,179.71,76.99,439.29,464.8,10352.0,15000.0
107.73,185.98,83.4,460.42,449.6,10504.0,15000.0
107.02,187.8,83.4,484.43,432.4,10676.0,15000.0
104.22,185.08,85.35,490.15,415.4,10846.0,15000.0
109.85,188.71,93.28,509.7,400.8,10992.0,15000.0
113.42,189.62,98.7,507.71,383.0,11170.0,15000.0
119.22,198.89,104.22,532.13,375.4,11246.0,15000.0
122.91,200.78,119.22,580.2,350.6,11494.0,15000.0
126.64,203.62,129.66,591.77,337.2,11628.0,15000.0
130.42,203.62,131.18,645.8,321.4,11786.0,15000.0
132.71,202.67,130.42,666.83,306.8,11932.0,15000.0
130.42,207.46,145.21,734.88,292.6,12074.0,15000.0
131.94,223.23,160.74,879.38,284.0,12160.0,15000.0
142.83,243.99,202.67,1006.84,271.4,12286.0,15000.0
152.47,240.8,223.23,1025.05,263.4,12366.0,15000.0
210.36,262.62,270.58,1223.15,260.4,12396.0,15000.0
209.39,274.04,289.41,1336.38,259.6,12404.0,15000.0
248.29,316.9,313.04,1450.46,259.2,12408.0,15000.0
305.42,360.58,339.53,1562.69,259.4,12406.0,15000.0
300.42,370.78,359.14,1660.46,259.2,12408.0,15000.0
315.61,427.39,388.85,1788.79,259.4,12406.0,15000.0
328.72,451.5,391.94,1831.42,259.4,12406.0,15000.0
350.62,475.05,412.55,1957.38,259.6,12404.0,15000.0
372.26,530.05,442.74,2097.84,259.4,12406.0,15000.0
376.72,544.81,449.73,2139.0,259.4,12406.0,15000.0
387.32,571.12,467.68,2255.48,259.4,12406.0,15000.0
406.1,571.12,473.2,2270.77,259.6,12404.0,15000.0
401.33,613.23,503.75,2382.78,259.8,12402.0,15000.0
478.78,630.53,532.13,2433.63,259.6,12404.0,15000.0
503.75,680.37,564.42,2486.31,259.6,12404.0,15000.0
525.91,688.65,566.64,2522.51,259.6,12404.0,15000.0
536.32,708.44,573.38,2559.59,259.8,12402.0,15000.0
544.81,734.88,573.38,2559.59,259.8,12402.0,15000.0
591.77,781.67,596.46,2856.53,259.8,12402.0,15000.0
625.53,784.92,603.59,2934.27,259.6,12404.0,15000.0
643.23,828.7,623.05,3014.02,259.6,12404.0,15000.0
658.85,835.71,630.53,3054.68,259.8,12402.0,15000.0
672.2,864.5,645.8,3179.86,260.0,12400.0,15000.0
694.23,922.03,669.51,3266.12,259.6,12404.0,15000.0
734.88,980.34,677.63,3399.93,259.6,12404.0,15000.0
768.84,1092.44,685.88,3492.24,259.8,12402.0,15000.0
772.02,1139.04,694.23,3539.37,259.8,12402.0,15000.0
791.46,1139.04,697.05,3587.16,259.8,12402.0,15000.0
814.91,1171.67,691.43,3684.78,259.8,12402.0,15000.0
832.2,1211.44,699.87,3836.55,259.6,12404.0,15000.0
857.19,1229.07,714.21,3941.49,259.6,12404.0,15000.0
864.5,1241.04,720.05,3888.64,259.8,12402.0,15000.0
886.94,1259.3,728.9,4049.58,260.0,12400.0,15000.0
890.75,1259.3,731.88,4104.86,259.8,12402.0,15000.0
918.04,1253.17,734.88,4160.97,260.0,12400.0,15000.0
926.04,1277.95,734.88,4160.97,260.0,12402.0,15000.0
930.07,1277.95,734.88,4275.82,259.8,12402.0,15000.0
946.44,1290.61,731.88,4217.95,260.0,12400.0,15000.0
954.77,1309.94,731.88,4217.95,260.0,12400.0,15000.0
963.19,1336.38,728.9,4217.95,259.8,12402.0,15000.0
963.19,1343.12,722.98,4217.95,260.0,12400.0,15000.0
950.59,1363.62,725.94,4160.97,259.8,12402.0,15000.0
967.44,1349.9,722.98,4049.58,259.8,12402.0,15000.0
976.02,1377.55,725.94,3995.14,260.0,12400.0,15000.0
976.02,1370.56,725.94,3941.49,260.0,12400.0,15000.0
997.9,1377.55,717.12,3785.23,259.6,12404.0,15000.0
997.9,1384.59,720.05,3684.78,260.0,12400.0,15000.0
997.9,1384.59,705.57,3684.78,259.8,12402.0,15000.0
980.34,1391.68,699.87,3587.16,259.8,12402.0,15000.0
958.97,1384.59,702.71,3587.16,259.8,12402.0,15000.0
958.97,1420.62,711.32,3587.16,260.0,12400.0,15000.0
954.77,1406.04,720.05,3587.16,259.8,12402.0,15000.0
958.97,1406.04,728.9,3587.16,259.8,12402.0,15000.0
963.19,1420.62,725.94,3539.37,259.8,12402.0,15000.0
971.72,1420.62,722.98,3587.16,260.0,12400.0,15000.0
993.47,1427.99,728.9,3635.62,259.8,12402.0,15000.0
997.9,1458.06,728.9,3635.62,259.8,12402.0,15000.0
1002.36,1481.24,725.94,3734.64,259.8,12402.0,15000.0
1002.36,1489.1,728.9,3684.78,259.8,12402.0,15000.0
1011.35,1497.01,734.88,3684.78,260.0,12400.0,15000.0
1015.89,1521.14,737.89,3684.78,259.8,12402.0,15000.0
1020.46,1521.14,737.89,3684.78,259.8,12402.0,15000.0
1025.05,1537.56,740.92,3635.62,259.8,12402.0,15000.0
1025.05,1537.56,743.96,3684.78,259.6,12404.0,15000.0
1029.67,1537.56,743.96,3635.62,259.6,12404.0,15000.0
1043.71,1562.69,743.96,3684.78,259.8,12402.0,15000.0
1048.44,1562.69,750.09,3684.78,259.6,12404.0,15000.0
1053.21,1562.69,750.09,3684.78,259.6,12404.0,15000.0
1058.01,1562.69,750.09,3684.78,259.8,12402.0,15000.0
1062.83,1554.24,753.17,3684.78,259.8,12402.0,15000.0
1067.69,1588.46,759.39,3785.23,259.8,12402.0,15000.0
1067.69,1588.46,768.84,3785.23,259.8,12402.0,15000.0
1072.58,1597.19,765.68,3734.64,259.8,12402.0,15000.0
1072.58,1597.19,772.02,3785.23,259.6,12404.0,15000.0
1077.5,1606.0,772.02,3836.55,259.4,12406.0,15000.0
1087.43,1623.84,753.17,3785.23,259.8,12402.0,15000.0
1082.44,1614.88,753.17,3836.55,259.6,12404.0,15000.0
1087.43,1597.19,734.88,3734.64,259.6,12404.0,15000.0
1077.5,1606.0,728.9,3785.23,259.6,12404.0,15000.0
1082.44,1597.19,725.94,3734.64,259.6,12404.0,15000.0
1077.5,1606.0,722.98,3734.64,259.6,12404.0,15000.0
1072.58,1571.21,720.05,3734.64,259.8,12402.0,15000.0
1067.69,1597.19,711.32,3635.62,259.6,12404.0,15000.0
1058.01,1588.46,705.57,3684.78,259.6,12404.0,15000.0
1053.21,1597.19,699.87,3587.16,259.6,12404.0,15000.0
1053.21,1597.19,697.05,3587.16,259.4,12406.0,15000.0
1048.44,1579.8,685.88,3492.24,259.4,12406.0,15000.0
1039.0,1562.69,683.12,3445.77,259.4,12406.0,15000.0
1034.32,1579.8,683.12,3492.24,259.4,12406.0,15000.0
1015.89,1562.69,677.63,3354.72,259.6,12404.0,15000.0
1011.35,1554.24,680.37,3310.12,259.6,12404.0,15000.0
997.9,1554.24,677.63,3310.12,259.4,12406.0,15000.0
989.07,1562.69,674.91,3310.12,259.4,12406.0,15000.0
976.02,1571.21,666.83,3310.12,259.6,12404.0,15000.0
984.69,1562.69,666.83,3310.12,259.2,12408.0,15000.0
976.02,1571.21,664.15,3310.12,259.2,12408.0,15000.0
984.69,1579.8,658.85,3354.72,259.2,12408.0,15000.0
984.69,1579.8,661.5,3310.12,259.4,12406.0,15000.0
989.07,1579.8,664.15,3310.12,259.4,12406.0,15000.0
989.07,1579.8,661.5,3266.12,259.0,12410.0,15000.0
989.07,1571.21,666.83,3266.12,259.2,12408.0,15000.0
989.07,1554.24,666.83,3266.12,259.2,12408.0,15000.0
984.69,1545.86,664.15,3310.12,259.0,12410.0,15000.0
984.69,1521.14,658.85,3266.12,259.0,12410.0,15000.0
980.34,1497.01,648.39,3354.72,259.0,12410.0,15000.0
976.02,1458.06,633.05,3266.12,259.0,12410.0,15000.0
980.34,1442.91,623.05,3266.12,259.0,12410.0,15000.0
971.72,1420.62,613.23,3266.12,259.0,12410.0,15000.0
971.72,1398.83,603.59,3266.12,258.8,12412.0,15000.0
967.44,1398.83,601.2,3222.7,258.8,12412.0,15000.0
963.19,1391.68,601.2,3266.12,259.0,12410.0,15000.0
967.44,1377.55,601.2,3266.12,259.0,12410.0,15000.0
958.97,1384.59,601.2,3266.12,259.0,12410.0,15000.0
950.59,1391.68,596.46,3222.7,258.8,12412.0,15000.0
950.59,1377.55,591.77,3179.86,259.0,12410.0,15000.0
950.59,1370.56,584.8,3179.86,258.8,12412.0,15000.0
946.44,1363.62,577.92,3222.7,258.8,12412.0,15000.0
946.44,1370.56,573.38,3179.86,259.0,12410.0,15000.0
946.44,1363.62,566.64,3095.86,258.8,12412.0,15000.0
942.31,1370.56,564.42,3095.86,258.8,12412.0,15000.0
942.31,1370.56,562.2,3095.86,258.8,12412.0,15000.0
942.31,1370.56,564.42,3054.68,258.8,12412.0,15000.0
926.04,1377.55,562.2,3014.02,258.8,12412.0,15000.0
930.07,1370.56,560.0,2973.89,258.8,12412.0,15000.0
922.03,1377.55,562.2,2973.89,258.8,12412.0,15000.0
918.04,1377.55,562.2,2934.27,258.8,12412.0,15000.0
910.14,1384.59,560.0,2934.27,258.6,12414.0,15000.0
914.08,1377.55,557.8,2895.15,258.8,12412.0,15000.0
910.14,1377.55,557.8,2856.53,258.8,12412.0,15000.0
910.14,1384.59,557.8,2818.39,258.6,12414.0,15000.0
906.21,1370.56,560.0,2818.39,258.6,12414.0,15000.0
902.32,1349.9,560.0,2818.39,258.6,12414.0,15000.0
898.44,1349.9,562.2,2856.53,258.4,12412.0,15000.0
894.59,1356.74,564.42,2856.53,258.6,12414.0,15000.0
886.94,1343.12,566.64,2934.27,258.4,12416.0,15000.0
883.15,1343.12,568.88,2934.27,258.6,12414.0,15000.0
886.94,1343.12,568.88,2934.27,258.6,12414.0,15000.0
890.75,1343.12,568.88,2973.89,258.6,12414.0,15000.0
886.94,1349.9,573.38,3014.02,258.6,12414.0,15000.0
886.94,1349.9,580.2,3054.68,258.6,12414.0,15000.0
894.59,1363.62,580.2,3054.68,258.6,12414.0,15000.0
898.44,1349.9,582.49,3095.86,258.4,12416.0,15000.0
898.44,1349.9,582.49,3054.68,258.6,12414.0,15000.0
898.44,1356.74,582.49,3095.86,258.6,12414.0,15000.0
898.44,1349.9,580.2,3095.86,258.6,12414.0,15000.0
898.44,1343.12,575.64,3095.86,258.4,12416.0,15000.0
898.44,1336.38,573.38,3095.86,258.6,12414.0,15000.0
898.44,1336.38,571.12,3095.86,258.4,12416.0,15000.0
894.59,1329.7,564.42,3095.86,258.4,12416.0,15000.0
898.44,1323.07,555.61,3095.86,258.4,12416.0,15000.0
898.44,1316.48,549.1,3095.86,258.4,12416.0,15000.0
894.59,1303.45,544.81,3054.68,258.6,12414.0,15000.0
890.75,1290.61,536.32,3054.68,258.4,12416.0,15000.0
890.75,1290.61,532.13,3054.68,258.4,12416.0,15000.0
890.75,1284.26,530.05,3054.68,258.4,12416.0,15000.0
890.75,1284.26,525.91,3095.86,258.2,12418.0,15000.0
890.75,1284.26,521.81,3054.68,258.4,12416.0,15000.0
890.75,1277.95,521.81,3014.02,258.4,12416.0,15000.0
886.94,1277.95,519.77,3054.68,258.4,12416.0,15000.0
883.15,1277.95,519.77,3054.68,258.2,12418.0,15000.0
883.15,1271.69,517.74,3014.02,258.4,12416.0,15000.0
886.94,1277.95,517.74,3014.02,258.4,12416.0,15000.0
883.15,1277.95,515.72,3054.68,258.4,12416.0,15000.0
886.94,1277.95,517.74,3054.68,258.4,12416.0,15000.0
883.15,1277.95,519.77,3054.68,258.4,12416.0,15000.0
886.94,1277.95,521.81,3054.68,258.2,12418.0,15000.0
886.94,1271.69,523.86,3054.68,258.4,12416.0,15000.0
886.94,1271.69,519.77,3054.68,258.2,12418.0,15000.0
886.94,1277.95,519.77,3054.68,258.4,12416.0,15000.0
886.94,1271.69,519.77,3014.02,258.2,12418.0,15000.0
886.94,1277.95,517.74,3054.68,258.2,12418.0,15000.0
883.15,1277.95,519.77,2973.89,258.2,12418.0,15000.0
883.15,1277.95,517.74,3014.02,258.2,12418.0,15000.0
883.15,1277.95,517.74,3014.02,258.2,12418.0,15000.0
886.94,1277.95,519.77,3054.68,258.2,12418.0,15000.0
883.15,1277.95,515.72,3014.02,258.2,12418.0,15000.0
883.15,1271.69,513.7,3054.68,258.2,12418.0,15000.0
883.15,1271.69,507.71,3054.68,258.0,12420.0,15000.0
879.38,1265.47,505.72,3054.68,257.8,12422.0,15000.0
879.38,1259.3,499.82,3014.02,258.0,12420.0,15000.0
875.63,1253.17,499.82,3014.02,257.8,12422.0,15000.0
868.19,1247.08,495.93,3014.02,257.8,12422.0,15000.0
864.5,1241.04,495.93,3014.02,257.8,12422.0,15000.0
857.19,1241.04,495.93,3014.02,257.6,12424.0,15000.0
842.79,1235.03,497.87,3014.02,257.8,12422.0,15000.0
814.91,1229.07,497.87,3054.68,258.0,12420.0,15000.0
791.46,1223.15,497.87,3054.68,258.0,12420.0,15000.0
788.18,1217.28,495.93,3014.02,257.8,12422.0,15000.0
784.92,1223.15,499.82,3014.02,257.8,12422.0,15000.0
781.67,1217.28,505.72,3054.68,257.8,12422.0,15000.0
778.44,1211.44,503.75,3054.68,257.8,12422.0,15000.0
791.46,1211.44,507.71,3095.86,257.8,12424.0,15000.0
788.18,1205.64,505.72,3054.68,257.8,12422.0,15000.0
794.76,1205.64,511.7,3137.58,257.8,12424.0,15000.0
804.76,1194.16,511.7,3095.86,257.6,12424.0,15000.0
798.07,1182.84,513.7,3054.68,257.8,12422.0,15000.0
781.67,1171.67,515.72,3137.58,257.6,12424.0,15000.0
768.84,1171.67,519.77,3137.58,257.6,12424.0,15000.0
772.02,1166.14,523.86,3137.58,257.6,12424.0,15000.0
781.67,1171.67,525.91,3137.58,257.6,12424.0,15000.0
781.67,1182.84,532.13,3137.58,257.8,12422.0,15000.0
784.92,1194.16,536.32,3179.86,257.6,12424.0,15000.0
788.18,1205.64,536.32,3179.86,257.6,12424.0,15000.0
788.18,1211.44,534.22,3222.7,257.6,12424.0,15000.0
794.76,1241.04,536.32,3179.86,257.8,12422.0,15000.0
791.46,1247.08,536.32,3222.7,257.6,12424.0,15000.0
791.46,1247.08,538.43,3310.12,257.6,12424.0,15000.0
794.76,1253.17,538.43,3222.7,257.6,12422.0,15000.0
791.46,1241.04,538.43,3310.12,257.6,12424.0,15000.0
778.44,1229.07,538.43,3266.12,257.6,12424.0,15000.0
768.84,1223.15,540.55,3310.12,257.6,12424.0,15000.0
743.96,1217.28,540.55,3310.12,257.6,12424.0,15000.0
743.96,1211.44,542.67,3354.72,257.6,12424.0,15000.0
768.84,1211.44,544.81,3310.12,257.6,12424.0,15000.0
781.67,1205.64,544.81,3310.12,257.6,12424.0,15000.0
781.67,1205.64,544.81,3310.12,257.6,12424.0,15000.0
788.18,1211.44,551.26,3354.72,257.6,12424.0,15000.0
784.92,1205.64,549.1,3310.12,257.6,12424.0,15000.0
798.07,1205.64,551.26,3354.72,257.6,12424.0,15000.0
804.76,1205.64,553.43,3399.93,257.6,12424.0,15000.0
804.76,1205.64,555.61,3354.72,257.4,12426.0,15000.0
804.76,1205.64,560.0,3310.12,257.2,12428.0,15000.0
808.12,1205.64,557.8,3354.72,257.4,12426.0,15000.0
811.51,1205.64,557.8,3354.72,257.4,12426.0,15000.0
814.91,1211.44,555.61,3266.12,257.6,12424.0,15000.0
814.91,1211.44,555.61,3266.12,257.6,12424.0,15000.0
811.51,1211.44,553.43,3222.7,257.6,12424.0,15000.0
814.91,1211.44,553.43,3222.7,257.6,12424.0,15000.0
818.33,1217.28,549.1,3222.7,257.4,12426.0,15000.0
814.91,1217.28,549.1,3179.86,257.4,12426.0,15000.0
818.33,1211.44,551.26,3137.58,257.4,12426.0,15000.0
821.77,1211.44,551.26,3137.58,257.4,12426.0,15000.0
821.77,1217.28,553.43,3137.58,257.6,12424.0,15000.0
818.33,1217.28,553.43,3095.86,257.2,12428.0,15000.0
818.33,1217.28,553.43,3137.58,257.4,12426.0,15000.0
818.33,1223.15,549.1,3095.86,257.6,12424.0,15000.0
818.33,1217.28,551.26,3054.68,257.2,12428.0,15000.0
818.33,1223.15,551.26,3014.02,257.4,12426.0,15000.0
818.33,1217.28,555.61,3054.68,257.6,12424.0,15000.0
818.33,1217.28,553.43,3095.86,257.2,12428.0,15000.0
814.91,1217.28,555.61,3054.68,257.4,12426.0,15000.0
818.33,1223.15,560.0,3137.58,257.4,12426.0,15000.0
814.91,1223.15,560.0,3095.86,257.4,12426.0,15000.0
814.91,1223.15,557.8,3095.86,257.2,12428.0,15000.0
818.33,1223.15,557.8,3054.68,257.4,12428.0,15000.0
818.33,1223.15,555.61,3054.68,257.4,12426.0,15000.0
818.33,1217.28,553.43,3054.68,257.4,12426.0,15000.0
818.33,1217.28,551.26,3014.02,257.2,12428.0,15000.0
818.33,1223.15,551.26,3054.68,257.6,12424.0,15000.0
818.33,1223.15,551.26,3054.68,257.4,12426.0,15000.0
818.33,1223.15,551.26,3095.86,257.2,12428.0,15000.0
818.33,1223.15,551.26,3054.68,257.2,12428.0,15000.0
818.33,1217.28,553.43,3054.68,257.4,12426.0,15000.0
818.33,1217.28,551.26,3095.86,257.4,12426.0,15000.0
818.33,1217.28,549.1,3054.68,257.4,12426.0,15000.0
814.91,1217.28,549.1,3054.68,257.4,12426.0,15000.0
814.91,1223.15,544.81,3095.86,257.4,12426.0,15000.0
811.51,1223.15,544.81,3095.86,257.6,12424.0,15000.0
814.91,1217.28,544.81,3095.86,257.4,12426.0,15000.0
814.91,1217.28,544.81,3054.68,257.4,12426.0,15000.0
814.91,1217.28,542.67,3014.02,257.2,12428.0,15000.0
814.91,1223.15,538.43,3014.02,257.2,12428.0,15000.0
811.51,1223.15,538.43,3054.68,257.2,12428.0,15000.0
811.51,1223.15,542.67,3054.68,257.2,12428.0,15000.0
811.51,1223.15,544.81,3095.86,257.2,12428.0,15000.0
811.51,1217.28,544.81,3095.86,257.2,12428.0,15000.0
811.51,1211.44,544.81,3054.68,257.2,12428.0,15000.0
811.51,1199.88,546.95,3054.68,257.0,12430.0,15000.0
811.51,1199.88,544.81,3054.68,257.2,12428.0,15000.0
811.51,1199.88,544.81,3054.68,257.2,12430.0,15000.0
811.51,1205.64,542.67,3014.02,257.2,12428.0,15000.0
811.51,1199.88,542.67,3054.68,257.2,12428.0,15000.0
801.41,1199.88,542.67,3014.02,257.2,12428.0,15000.0
804.76,1205.64,544.81,3014.02,257.2,12428.0,15000.0
801.41,1205.64,544.81,3014.02,257.0,12430.0,15000.0
804.76,1205.64,542.67,3054.68,257.0,12430.0,15000.0
801.41,1205.64,542.67,2973.89,257.0,12430.0,15000.0
811.51,1199.88,542.67,2934.27,257.0,12430.0,15000.0
811.51,1199.88,538.43,2895.15,257.2,12428.0,15000.0
811.51,1194.16,538.43,2895.15,257.0,12430.0,15000.0
814.91,1194.16,538.43,2934.27,257.0,12430.0,15000.0
814.91,1194.16,540.55,2895.15,256.8,12430.0,15000.0
814.91,1194.16,542.67,2934.27,256.8,12432.0,15000.0
811.51,1194.16,542.67,2934.27,257.2,12428.0,15000.0
811.51,1194.16,542.67,2934.27,257.0,12430.0,15000.0
811.51,1194.16,542.67,2973.89,257.0,12430.0,15000.0
811.51,1199.88,540.55,2973.89,256.8,12432.0,15000.0
811.51,1194.16,542.67,2973.89,256.8,12432.0,15000.0
801.41,1194.16,544.81,2973.89,257.0,12430.0,15000.0
804.76,1199.88,544.81,3014.02,256.8,12432.0,15000.0
804.76,1194.16,549.1,3014.02,257.0,12430.0,15000.0
801.41,1194.16,551.26,2973.89,256.8,12432.0,15000.0
804.76,1194.16,555.61,3014.02,256.8,12432.0,15000.0
804.76,1188.48,557.8,3054.68,256.8,12432.0,15000.0
804.76,1194.16,560.0,3054.68,256.8,12432.0,15000.0
801.41,1194.16,560.0,3054.68,257.0,12430.0,15000.0
804.76,1194.16,557.8,3014.02,256.8,12432.0,15000.0
801.41,1194.16,555.61,3014.02,256.6,12434.0,15000.0
801.41,1199.88,560.0,3054.68,256.8,12432.0,15000.0
794.76,1194.16,566.64,2973.89,256.6,12434.0,15000.0
794.76,1194.16,566.64,2973.89,256.6,12434.0,15000.0
798.07,1188.48,566.64,3014.02,256.6,12434.0,15000.0
791.46,1194.16,566.64,2973.89,256.8,12432.0,15000.0
791.46,1194.16,564.42,2934.27,256.8,12432.0,15000.0
788.18,1194.16,562.2,2973.89,256.8,12432.0,15000.0
788.18,1194.16,560.0,2934.27,256.6,12434.0,15000.0
788.18,1194.16,553.43,2895.15,256.4,12436.0,15000.0
788.18,1194.16,553.43,2895.15,256.6,12434.0,15000.0
788.18,1194.16,553.43,2856.53,256.6,12434.0,15000.0
788.18,1194.16,553.43,2856.53,256.4,12436.0,15000.0
788.18,1199.88,553.43,2856.53,256.6,12434.0,15000.0
788.18,1199.88,555.61,2818.39,256.6,12434.0,15000.0
791.46,1205.64,555.61,2818.39,256.6,12434.0,15000.0
788.18,1199.88,555.61,2856.53,256.6,12434.0,15000.0
788.18,1205.64,560.0,2818.39,256.4,12436.0,15000.0
791.46,1205.64,560.0,2818.39,256.4,12436.0,15000.0
791.46,1211.44,560.0,2818.39,256.4,12436.0,15000.0
791.46,1211.44,557.8,2818.39,256.6,12434.0,15000.0
788.18,1205.64,557.8,2578.49,256.4,12436.0,15000.0
788.18,1205.64,560.0,2578.49,256.4,12436.0,15000.0
788.18,1205.64,560.0,2578.49,256.6,12434.0,15000.0
788.18,1205.64,560.0,2818.39,256.4,12436.0,15000.0
788.18,1205.64,562.2,2578.49,256.2,12438.0,15000.0
788.18,1205.64,562.2,2559.59,256.4,12436.0,15000.0
788.18,1205.64,560.0,2578.49,256.6,12434.0,15000.0
788.18,1205.64,560.0,2578.49,256.2,12438.0,15000.0
791.46,1205.64,560.0,2559.59,256.2,12438.0,15000.0
791.46,1205.64,560.0,2818.39,256.4,12436.0,15000.0
791.46,1211.44,562.2,2559.59,256.6,12434.0,15000.0
788.18,1211.44,557.8,2818.39,256.2,12438.0,15000.0
784.92,1205.64,555.61,2818.39,256.2,12438.0,15000.0
784.92,1205.64,553.43,2818.39,256.2,12438.0,15000.0
788.18,1205.64,553.43,2818.39,256.4,12436.0,15000.0
784.92,1205.64,549.1,2578.49,256.4,12436.0,15000.0
788.18,1199.88,549.1,2578.49,256.4,12436.0,15000.0
791.46,1205.64,546.95,2578.49,256.2,12438.0,15000.0
788.18,1205.64,546.95,2578.49,256.2,12438.0,15000.0
788.18,1205.64,546.95,2818.39,256.2,12438.0,15000.0
788.18,1205.64,546.95,2818.39,256.2,12438.0,15000.0
784.92,1205.64,542.67,2578.49,256.2,12438.0,15000.0
784.92,1199.88,544.81,2578.49,256.2,12438.0,15000.0
781.67,1199.88,542.67,2578.49,256.2,12438.0,15000.0
778.44,1199.88,542.67,2559.59,256.2,12438.0,15000.0
778.44,1199.88,538.43,2578.49,256.2,12438.0,15000.0
775.22,1199.88,532.13,2559.59,256.2,12438.0,15000.0
775.22,1199.88,527.98,2540.94,256.2,12438.0,15000.0
775.22,1194.16,527.98,2540.94,256.2,12438.0,15000.0
775.22,1194.16,525.91,2540.94,256.2,12438.0,15000.0
772.02,1194.16,525.91,2522.51,256.0,12440.0,15000.0
775.22,1194.16,527.98,2559.59,256.0,12440.0,15000.0
772.02,1194.16,530.05,2540.94,256.0,12440.0,15000.0
772.02,1194.16,527.98,2559.59,256.0,12440.0,15000.0
772.02,1194.16,527.98,2559.59,256.2,12438.0,15000.0
772.02,1182.84,525.91,2540.94,256.0,12440.0,15000.0
772.02,1177.24,523.86,2540.94,255.8,12442.0,15000.0
772.02,1171.67,523.86,2540.94,255.6,12444.0,15000.0
772.02,1177.24,515.72,2522.51,256.0,12440.0,15000.0
772.02,1171.67,513.7,2522.51,255.8,12442.0,15000.0
772.02,1166.14,503.75,2522.51,255.8,12442.0,15000.0
768.84,1155.19,493.99,2540.94,255.8,12442.0,15000.0
765.68,1149.77,486.33,2522.51,255.8,12442.0,15000.0
762.53,1123.2,476.91,2522.51,255.8,12442.0,15000.0
762.53,1107.67,464.03,2540.94,255.8,12442.0,15000.0
765.68,1092.44,453.27,2522.51,255.8,12442.0,15000.0
759.39,1087.43,453.27,2522.51,255.6,12444.0,15000.0
753.17,1077.5,446.22,2522.51,256.0,12440.0,15000.0
750.09,1062.83,442.74,2486.31,255.8,12442.0,15000.0
743.96,1058.01,434.15,2486.31,255.6,12444.0,15000.0
740.92,1043.71,425.72,2486.31,255.8,12442.0,15000.0
734.88,1034.32,429.07,2486.31,255.8,12442.0,15000.0
725.94,1015.89,429.07,2450.98,255.8,12442.0,15000.0
720.05,1011.35,430.76,2486.31,255.8,12442.0,15000.0
717.12,1015.89,429.07,2468.54,255.6,12444.0,15000.0
720.05,1015.89,430.76,2450.98,255.4,12446.0,15000.0
720.05,1015.89,435.86,2504.3,255.6,12444.0,15000.0
717.12,1015.89,435.86,2486.31,255.6,12444.0,15000.0
720.05,1015.89,435.86,2486.31,255.4,12446.0,15000.0
717.12,1015.89,430.76,2486.31,255.6,12444.0,15000.0
717.12,1015.89,427.39,2504.3,255.6,12444.0,15000.0
720.05,1015.89,415.8,2468.54,255.6,12444.0,15000.0
722.98,1015.89,414.17,2486.31,255.6,12444.0,15000.0
722.98,1015.89,409.31,2504.3,255.4,12446.0,15000.0
722.98,1025.05,410.93,2486.31,255.6,12444.0,15000.0
725.94,1025.05,415.8,2486.31,255.6,12444.0,15000.0
725.94,1025.05,419.09,2486.31,255.6,12444.0,15000.0
725.94,1034.32,422.39,2486.31,255.4,12446.0,15000.0
725.94,1039.0,429.07,2486.31,255.6,12444.0,15000.0
722.98,1039.0,430.76,2486.31,255.4,12446.0,15000.0
722.98,1043.71,429.07,2468.54,255.6,12444.0,15000.0
722.98,1048.44,430.76,2468.54,255.4,12446.0,15000.0
722.98,1048.44,432.45,2468.54,255.6,12446.0,15000.0
722.98,1048.44,429.07,2468.54,255.4,12446.0,15000.0
725.94,1053.21,429.07,2468.54,255.4,12446.0,15000.0
722.98,1053.21,425.72,2468.54,255.4,12446.0,15000.0
722.98,1058.01,424.05,2450.98,255.4,12446.0,15000.0
725.94,1062.83,424.05,2468.54,255.4,12446.0,15000.0
725.94,1062.83,425.72,2468.54,255.2,12448.0,15000.0
725.94,1062.83,427.39,2433.63,255.6,12444.0,15000.0
725.94,1062.83,429.07,2450.98,255.4,12446.0,15000.0
725.94,1062.83,430.76,2450.98,255.2,12448.0,15000.0
725.94,1062.83,430.76,2468.54,255.4,12446.0,15000.0
722.98,1062.83,435.86,2450.98,255.4,12446.0,15000.0
725.94,1062.83,437.57,2433.63,255.2,12448.0,15000.0
722.98,1067.69,437.57,2450.98,255.2,12448.0,15000.0
725.94,1062.83,435.86,2433.63,255.4,12446.0,15000.0
722.98,1062.83,432.45,2416.48,255.2,12448.0,15000.0
725.94,1062.83,429.07,2399.53,255.2,12448.0,15000.0
725.94,1062.83,427.39,2399.53,255.4,12446.0,15000.0
725.94,1067.69,429.07,2399.53,255.4,12446.0,15000.0
725.94,1067.69,429.07,2399.53,255.2,12448.0,15000.0
725.94,1067.69,427.39,2399.53,255.4,12446.0,15000.0
725.94,1067.69,424.05,2416.48,255.4,12446.0,15000.0
725.94,1062.83,420.74,2399.53,255.2,12448.0,15000.0
725.94,1062.83,414.17,2382.78,255.2,12448.0,15000.0
725.94,1062.83,409.31,2382.78,255.2,12448.0,15000.0
725.94,1062.83,406.1,2382.78,255.2,12448.0,15000.0
725.94,1062.83,404.51,2366.22,255.4,12446.0,15000.0
725.94,1058.01,407.71,2366.22,255.2,12448.0,15000.0
725.94,1058.01,410.93,2366.22,255.0,12450.0,15000.0
725.94,1058.01,410.93,2382.78,255.0,12450.0,15000.0
725.94,1058.01,409.31,2399.53,255.2,12448.0,15000.0
725.94,1058.01,407.71,2382.78,255.2,12448.0,15000.0
728.9,1058.01,407.71,2399.53,255.2,12448.0,15000.0
728.9,1053.21,404.51,2382.78,255.2,12448.0,15000.0
728.9,1053.21,404.51,2382.78,255.2,12448.0,15000.0
728.9,1048.44,404.51,2399.53,255.0,12450.0,15000.0
728.9,1048.44,404.51,2399.53,255.0,12450.0,15000.0
728.9,1048.44,402.92,2382.78,255.0,12450.0,15000.0
728.9,1048.44,404.51,2382.78,255.2,12448.0,15000.0
725.94,1048.44,406.1,2416.48,255.0,12450.0,15000.0
725.94,1048.44,406.1,2399.53,255.0,12450.0,15000.0
725.94,1048.44,402.92,2382.78,255.0,12450.0,15000.0
725.94,1043.71,399.75,2399.53,254.8,12452.0,15000.0
725.94,1039.0,390.39,2382.78,255.0,12450.0,15000.0
725.94,1029.67,385.79,2349.86,255.0,12450.0,15000.0
728.9,1025.05,381.23,2349.86,254.8,12452.0,15000.0
725.94,1029.67,381.23,2366.22,255.0,12450.0,15000.0
725.94,1025.05,382.74,2366.22,254.8,12452.0,15000.0
725.94,1025.05,387.32,2366.22,255.0,12450.0,15000.0
728.9,1025.05,387.32,2382.78,254.8,12452.0,15000.0
725.94,1020.46,382.74,2382.78,255.0,12450.0,15000.0
725.94,1020.46,375.23,2399.53,254.8,12452.0,15000.0
725.94,1020.46,366.38,2366.22,254.8,12452.0,15000.0
725.94,1020.46,363.47,2366.22,254.8,12452.0,15000.0
725.94,1025.05,356.28,2382.78,254.8,12452.0,15000.0
725.94,1020.46,356.28,2366.22,254.8,12452.0,15000.0
725.94,1020.46,357.71,2382.78,254.8,12452.0,15000.0
725.94,1020.46,364.92,2382.78,254.8,12452.0,15000.0
728.9,1020.46,367.84,2399.53,254.8,12452.0,15000.0
725.94,1020.46,376.72,2399.53,254.8,12452.0,15000.0
725.94,1020.46,379.72,2399.53,254.6,12454.0,15000.0
725.94,1020.46,384.26,2433.63,254.8,12452.0,15000.0
725.94,1020.46,387.32,2433.63,254.8,12452.0,15000.0
728.9,1020.46,388.85,2433.63,254.8,12452.0,15000.0
728.9,1020.46,390.39,2433.63,254.8,12452.0,15000.0
728.9,1020.46,390.39,2433.63,254.8,12452.0,15000.0
728.9,1020.46,388.85,2450.98,255.0,12450.0,15000.0
728.9,1020.46,390.39,2450.98,254.6,12454.0,15000.0
728.9,1020.46,390.39,2450.98,254.6,12454.0,15000.0
728.9,1020.46,390.39,2450.98,254.8,12452.0,15000.0
728.9,1020.46,390.39,2416.48,254.6,12454.0,15000.0
728.9,1025.05,390.39,2433.63,254.8,12452.0,15000.0
731.88,1020.46,390.39,2433.63,254.8,12452.0,15000.0
728.9,1025.05,391.94,2450.98,254.6,12454.0,15000.0
731.88,1020.46,390.39,2433.63,254.8,12452.0,15000.0
728.9,1015.89,388.85,2433.63,254.6,12454.0,15000.0
728.9,1011.35,390.39,2450.98,254.6,12454.0,15000.0
728.9,1006.84,378.22,2433.63,254.6,12454.0,15000.0
728.9,1011.35,376.72,2433.63,254.6,12454.0,15000.0
728.9,1002.36,372.26,2450.98,254.6,12454.0,15000.0
728.9,1002.36,373.74,2450.98,254.6,12454.0,15000.0
728.9,997.9,373.74,2433.63,254.6,12454.0,15000.0
728.9,1002.36,373.74,2433.63,254.6,12454.0,15000.0
728.9,997.9,372.26,2433.63,254.6,12454.0,15000.0
731.88,993.47,370.78,2433.63,254.8,12452.0,15000.0
728.9,993.47,372.26,2433.63,254.6,12454.0,15000.0
731.88,993.47,373.74,2450.98,254.6,12454.0,15000.0
728.9,993.47,375.23,2450.98,254.4,12456.0,15000.0
728.9,993.47,375.23,2450.98,254.6,12454.0,15000.0
731.88,997.9,375.23,2450.98,254.8,12452.0,15000.0
731.88,993.47,373.74,2468.54,254.6,12454.0,15000.0
731.88,993.47,366.38,2450.98,254.6,12454.0,15000.0
728.9,997.9,359.14,2450.98,254.6,12454.0,15000.0
728.9,997.9,359.14,2468.54,254.6,12454.0,15000.0
728.9,993.47,359.14,2450.98,254.6,12454.0,15000.0
731.88,993.47,359.14,2450.98,254.6,12454.0,15000.0
731.88,993.47,357.71,2468.54,254.6,12454.0,15000.0
731.88,997.9,359.14,2450.98,254.6,12454.0,15000.0
728.9,993.47,357.71,2450.98,254.6,12454.0,15000.0
728.9,997.9,357.71,2450.98,254.6,12454.0,15000.0
731.88,997.9,354.86,2450.98,254.6,12454.0,15000.0
728.9,993.47,353.44,2450.98,254.4,12456.0,15000.0
728.9,997.9,356.28,2450.98,254.6,12454.0,15000.0
728.9,993.47,357.71,2450.98,254.6,12454.0,15000.0
728.9,997.9,357.71,2450.98,254.6,12454.0,15000.0
728.9,1002.36,359.14,2450.98,254.4,12456.0,15000.0
728.9,1002.36,359.14,2450.98,254.4,12456.0,15000.0
728.9,1002.36,360.58,2468.54,254.2,12458.0,15000.0
728.9,1002.36,360.58,2486.31,254.4,12456.0,15000.0
728.9,1002.36,359.14,2450.98,254.6,12454.0,15000.0
728.9,1011.35,359.14,2450.98,254.4,12456.0,15000.0
725.94,1020.46,360.58,2450.98,254.4,12456.0,15000.0
725.94,1020.46,359.14,2450.98,254.4,12456.0,15000.0
728.9,1020.46,360.58,2450.98,254.2,12458.0,15000.0
728.9,1025.05,359.14,2433.63,254.4,12456.0,15000.0
725.94,1025.05,360.58,2433.63,254.4,12456.0,15000.0
728.9,1025.05,362.02,2450.98,254.4,12456.0,15000.0
725.94,1025.05,362.02,2450.98,254.4,12456.0,15000.0
728.9,1020.46,364.92,2450.98,254.4,12456.0,15000.0
725.94,1020.46,364.92,2450.98,254.4,12456.0,15000.0
728.9,1015.89,363.47,2450.98,254.4,12456.0,15000.0
725.94,1015.89,363.47,2433.63,254.4,12456.0,15000.0
728.9,1015.89,363.47,2433.63,254.4,12456.0,15000.0
731.88,1006.84,364.92,2433.63,254.4,12456.0,15000.0
728.9,1006.84,366.38,2450.98,254.4,12456.0,15000.0
728.9,1006.84,366.38,2450.98,254.4,12456.0,15000.0
731.88,1006.84,367.84,2450.98,254.4,12458.0,15000.0
728.9,1002.36,366.38,2450.98,254.4,12456.0,15000.0
728.9,1006.84,366.38,2450.98,254.2,12458.0,15000.0
728.9,997.9,366.38,2450.98,254.4,12456.0,15000.0
728.9,997.9,366.38,2450.98,254.2,12458.0,15000.0
728.9,997.9,364.92,2450.98,254.4,12456.0,15000.0
728.9,993.47,364.92,2433.63,254.2,12458.0,15000.0
728.9,993.47,364.92,2433.63,254.2,12458.0,15000.0
731.88,993.47,364.92,2433.63,254.2,12458.0,15000.0
728.9,993.47,364.92,2450.98,254.4,12456.0,15000.0
728.9,997.9,366.38,2433.63,254.4,12456.0,15000.0
728.9,997.9,364.92,2450.98,254.4,12456.0,15000.0
731.88,997.9,364.92,2433.63,254.2,12458.0,15000.0
728.9,993.47,364.92,2433.63,254.4,12456.0,15000.0
731.88,993.47,366.38,2450.98,254.2,12458.0,15000.0
728.9,993.47,364.92,2450.98,254.2,12458.0,15000.0
728.9,993.47,366.38,2450.98,254.0,12460.0,15000.0
728.9,993.47,369.31,2450.98,254.4,12456.0,15000.0
728.9,993.47,367.84,2468.54,254.2,12458.0,15000.0
728.9,989.07,364.92,2433.63,254.2,12458.0,15000.0
728.9,984.69,366.38,2450.98,254.4,12456.0,15000.0
728.9,993.47,367.84,2433.63,254.2,12458.0,15000.0
728.9,997.9,367.84,2450.98,254.4,12456.0,15000.0
728.9,997.9,369.31,2433.63,254.2,12458.0,15000.0
728.9,997.9,367.84,2433.63,254.2,12458.0,15000.0
728.9,997.9,372.26,2450.98,254.0,12460.0,15000.0
728.9,1002.36,372.26,2450.98,254.0,12460.0,15000.0
728.9,1006.84,372.26,2450.98,254.2,12458.0,15000.0
731.88,1011.35,370.78,2450.98,254.0,12460.0,15000.0
728.9,1020.46,364.92,2468.54,254.0,12460.0,15000.0
728.9,1015.89,359.14,2433.63,254.2,12458.0,15000.0
728.9,1020.46,356.28,2416.48,254.0,12460.0,15000.0
725.94,1025.05,352.03,2416.48,254.0,12460.0,15000.0
728.9,1020.46,352.03,2433.63,254.0,12460.0,15000.0
725.94,1020.46,350.62,2433.63,254.0,12460.0,15000.0
725.94,1025.05,350.62,2433.63,254.0,12460.0,15000.0
722.98,1020.46,352.03,2433.63,254.0,12460.0,15000.0
722.98,1020.46,353.44,2433.63,254.0,12460.0,15000.0
725.94,1025.05,353.44,2433.63,253.8,12460.0,15000.0
725.94,1025.05,353.44,2433.63,253.8,12462.0,15000.0
725.94,1020.46,353.44,2433.63,254.0,12460.0,15000.0
725.94,1020.46,353.44,2416.48,254.0,12460.0,15000.0
725.94,1020.46,354.86,2416.48,253.8,12462.0,15000.0
725.94,1015.89,354.86,2416.48,253.8,12462.0,15000.0
725.94,1006.84,354.86,2433.63,253.8,12462.0,15000.0
722.98,1011.35,356.28,2416.48,253.8,12462.0,15000.0
