0,0,0,0,0,0,8000
0,0,0,0,0,0,8000
0.0,0.0,-28.0,28.0,8000.0
0.0,0.0,-28.0,28.0,8000.0
0.0,0.0,-26.0,26.0,8000.0
0.0,0.0,-26.0,26.0,8000.0
0.0,0.0,-26.0,26.0,8000.0
0.0,0.0,-28.0,28.0,8000.0
0.0,0.0,-28.0,28.0,8000.0
0.0,0.0,-26.0,26.0,8000.0
0.0,0.0,-26.0,26.0,8000.0
0.0,0.0,-28.0,28.0,8000.0
0.0,0.0,7972.0,28.0,8000.0
0.0,0.0,7920.0,80.0,8000.0
0.0,0.0,7756.0,244.0,8000.0
0.0,0.0,7588.0,412.0,8000.0
0.0,0.0,7384.0,616.0,8000.0
0.0,0.0,7190.0,810.0,8000.0
0.0,0.0,7000.0,1000.0,8000.0
0.0,0.0,6780.0,1220.0,8000.0
0.0,0.0,6552.0,1448.0,8000.0
0.0,0.0,6362.0,1638.0,8000.0
0.0,0.0,6152.0,1848.0,8000.0
0.0,0.0,5964.0,2036.0,8000.0
0.0,0.0,5756.0,2244.0,8000.0
0.0,0.0,5568.0,2432.0,8000.0
0.0,0.0,5346.0,2654.0,8000.0
0.0,0.0,5158.0,2842.0,8000.0
0.0,0.0,4944.0,3056.0,8000.0
0.0,0.0,4754.0,3246.0,8000.0
0.0,0.0,4532.0,3468.0,8000.0
0.0,0.0,4334.0,3666.0,8000.0
0.0,0.0,4112.0,3888.0,8000.0
0.12,0.0,3912.0,4088.0,8000.0
3.31,5.94,3684.0,4316.0,8000.0
6.22,9.46,3448.0,4552.0,8000.0
14.11,18.96,3258.0,4742.0,8000.0
17.27,26.33,3036.0,4964.0,8000.0
19.34,28.62,2838.0,5162.0,8000.0
19.97,31.16,2620.0,5380.0,8000.0
21.14,33.88,2416.0,5584.0,8000.0
21.54,34.22,2202.0,5798.0,8000.0
23.45,35.4,2014.0,5986.0,8000.0
24.22,36.17,1804.0,6196.0,8000.0
24.94,36.26,1618.0,6404.0,8000.0
26.11,37.72,1408.0,6592.0,8000.0
27.77,38.84,1212.0,6788.0,8000.0
28.31,38.84,998.0,7002.0,8000.0
29.01,39.36,788.0,7212.0,8000.0
30.51,40.23,598.0,7402.0,8000.0
30.76,40.31,408.0,7592.0,8000.0
31.73,40.4,204.0,7796.0,8000.0
32.39,40.57,-8.0,8008.0,8000.0
32.72,41.18,-166.0,8166.0,8000.0
33.05,41.97,-198.0,8198.0,8000.0
33.88,43.02,-198.0,8198.0,8000.0
34.22,43.46,-164.0,8164.0,8000.0
34.22,43.9,-116.0,8116.0,8000.0
34.05,44.08,-92.0,8092.0,8000.0
34.3,44.26,-78.0,8078.0,8000.0
34.64,44.26,-70.0,8070.0,8000.0
34.64,44.35,-66.0,8066.0,8000.0
34.47,44.35,-62.0,8062.0,8000.0
34.81,44.08,-60.0,8060.0,8000.0
34.89,43.99,-58.0,8058.0,8000.0
34.98,44.08,-56.0,8056.0,8000.0
34.98,43.72,-56.0,8056.0,8000.0
34.72,43.9,-56.0,8056.0,8000.0
34.64,43.9,-58.0,8058.0,8000.0
34.47,44.08,-56.0,8056.0,8000.0
34.47,44.26,-56.0,8056.0,8000.0
34.47,44.26,-58.0,8058.0,8000.0
34.3,44.35,-56.0,8056.0,8000.0
34.13,44.44,-56.0,8056.0,8000.0
33.71,44.26,-56.0,8056.0,8000.0
33.63,44.44,-56.0,8056.0,8000.0
33.55,44.52,-56.0,8056.0,8000.0
33.55,44.44,-56.0,8056.0,8000.0
33.3,44.35,-56.0,8056.0,8000.0
33.05,44.35,-56.0,8056.0,8000.0
32.88,44.08,-56.0,8056.0,8000.0
32.3,43.9,-56.0,8056.0,8000.0
32.22,43.81,-56.0,8056.0,8000.0
31.48,43.63,-56.0,8056.0,8000.0
31.32,43.63,-56.0,8056.0,8000.0
31.32,43.63,-56.0,8056.0,8000.0
31.48,43.63,-56.0,8056.0,8000.0
31.48,43.37,-56.0,8056.0,8000.0
31.32,43.19,-56.0,8056.0,8000.0
31.24,43.19,-56.0,8056.0,8000.0
31.16,43.02,-56.0,8056.0,8000.0
30.92,42.84,-56.0,8056.0,8000.0
30.51,42.93,-56.0,8056.0,8000.0
30.03,42.84,-56.0,8056.0,8000.0
29.4,42.67,-56.0,8056.0,8000.0
29.09,42.58,-56.0,8056.0,8000.0
28.7,42.49,-56.0,8056.0,8000.0
28.54,42.4,-56.0,8056.0,8000.0
28.54,42.32,-56.0,8056.0,8000.0
28.7,42.49,-56.0,8056.0,8000.0
28.85,42.49,-56.0,8056.0,8000.0
28.85,42.49,-56.0,8056.0,8000.0
28.85,42.49,-56.0,8056.0,8000.0
28.93,42.32,-56.0,8056.0,8000.0
29.01,42.14,-56.0,8056.0,8000.0
28.7,41.88,-56.0,8056.0,8000.0
28.7,41.62,-56.0,8056.0,8000.0
28.38,41.18,-56.0,8056.0,8000.0
28.15,40.4,-56.0,8056.0,8000.0
27.92,39.45,-56.0,8056.0,8000.0
27.54,38.23,-56.0,8056.0,8000.0
26.93,37.72,-56.0,8056.0,8000.0
25.89,37.72,-56.0,8056.0,8000.0
25.45,37.03,-56.0,8056.0,8000.0
25.45,36.77,-56.0,8056.0,8000.0
24.58,36.6,-56.0,8056.0,8000.0
24.15,36.94,-56.0,8056.0,8000.0
24.01,36.94,-56.0,8056.0,8000.0
24.58,37.03,-56.0,8056.0,8000.0
23.87,37.46,-56.0,8056.0,8000.0
23.94,37.46,-56.0,8056.0,8000.0
24.72,37.54,-56.0,8056.0,8000.0
24.8,37.54,-56.0,8056.0,8000.0
25.09,37.54,-56.0,8056.0,8000.0
25.6,37.46,-56.0,8056.0,8000.0
25.82,37.46,-56.0,8056.0,8000.0
25.96,37.54,-56.0,8056.0,8000.0
25.89,37.37,-56.0,8056.0,8000.0
25.89,36.77,-56.0,8056.0,8000.0
26.04,37.03,-56.0,8056.0,8000.0
26.11,36.94,-56.0,8056.0,8000.0
26.26,36.77,-56.0,8056.0,8000.0
26.33,36.77,-56.0,8056.0,8000.0
25.96,36.43,-56.0,8056.0,8000.0
26.11,36.34,-56.0,8056.0,8000.0
25.82,35.91,-56.0,8056.0,8000.0
25.89,35.4,-56.0,8056.0,8000.0
26.04,35.06,-56.0,8056.0,8000.0
25.96,34.72,-56.0,8056.0,8000.0
26.11,34.47,-56.0,8056.0,8000.0
26.04,34.05,-56.0,8056.0,8000.0
26.04,34.3,-56.0,8056.0,8000.0
25.82,34.39,-56.0,8056.0,8000.0
26.04,34.64,-56.0,8056.0,8000.0
26.11,34.98,-56.0,8056.0,8000.0
26.26,35.06,-56.0,8056.0,8000.0
26.56,35.06,-56.0,8056.0,8000.0
26.78,35.06,-56.0,8056.0,8000.0
26.86,35.06,-56.0,8056.0,8000.0
27.08,35.15,-56.0,8056.0,8000.0
27.16,35.23,-56.0,8056.0,8000.0
27.39,35.32,-56.0,8056.0,8000.0
27.46,35.49,-56.0,8056.0,8000.0
27.54,35.83,-56.0,8056.0,8000.0
27.39,35.74,-56.0,8056.0,8000.0
27.46,35.66,-56.0,8056.0,8000.0
27.46,35.66,-56.0,8056.0,8000.0
27.39,35.57,-56.0,8056.0,8000.0
27.24,35.57,-56.0,8056.0,8000.0
27.16,35.32,-56.0,8056.0,8000.0
26.93,35.23,-58.0,8058.0,8000.0
26.86,35.15,-56.0,8056.0,8000.0
26.71,35.23,-56.0,8056.0,8000.0
26.71,35.23,-56.0,8056.0,8000.0
26.71,34.72,-56.0,8056.0,8000.0
26.33,34.64,-56.0,8056.0,8000.0
26.56,34.39,-56.0,8056.0,8000.0
26.48,34.72,-56.0,8056.0,8000.0
26.56,34.56,-56.0,8056.0,8000.0
26.56,34.05,-56.0,8056.0,8000.0
26.63,33.88,-56.0,8056.0,8000.0
26.63,33.71,-56.0,8056.0,8000.0
26.56,33.46,-56.0,8056.0,8000.0
26.41,33.46,-56.0,8056.0,8000.0
26.33,33.13,-56.0,8056.0,8000.0
26.19,33.21,-56.0,8056.0,8000.0
26.19,32.96,-56.0,8056.0,8000.0
26.33,32.96,-56.0,8056.0,8000.0
26.41,32.96,-56.0,8056.0,8000.0
26.48,32.96,-56.0,8056.0,8000.0
26.48,32.88,-56.0,8056.0,8000.0
26.33,32.88,-58.0,8058.0,8000.0
26.26,32.96,-56.0,8056.0,8000.0
26.26,33.05,-56.0,8056.0,8000.0
26.19,33.05,-56.0,8056.0,8000.0
25.89,32.63,-56.0,8056.0,8000.0
26.19,32.88,-56.0,8056.0,8000.0
26.26,33.55,-56.0,8056.0,8000.0
26.04,33.97,-56.0,8056.0,8000.0
25.89,34.39,-56.0,8056.0,8000.0
25.96,34.64,-56.0,8056.0,8000.0
24.8,34.64,-56.0,8056.0,8000.0
24.37,34.72,-56.0,8056.0,8000.0
23.45,34.64,-56.0,8056.0,8000.0
23.66,34.98,-56.0,8056.0,8000.0
23.59,35.15,-56.0,8056.0,8000.0
23.52,34.3,-56.0,8056.0,8000.0
22.82,33.88,-56.0,8056.0,8000.0
21.87,33.63,-56.0,8056.0,8000.0
22.01,33.71,-56.0,8056.0,8000.0
22.14,33.88,-56.0,8056.0,8000.0
22.48,34.05,-56.0,8056.0,8000.0
22.89,33.88,-56.0,8056.0,8000.0
23.24,33.97,-56.0,8056.0,8000.0
23.31,34.05,-56.0,8056.0,8000.0
23.38,33.88,-56.0,8056.0,8000.0
23.45,33.8,-56.0,8056.0,8000.0
23.45,33.71,-56.0,8056.0,8000.0
23.66,33.38,-56.0,8056.0,8000.0
23.66,33.46,-56.0,8056.0,8000.0
23.52,33.21,-56.0,8056.0,8000.0
23.45,33.21,-56.0,8056.0,8000.0
23.38,33.21,-56.0,8056.0,8000.0
23.31,32.96,-56.0,8056.0,8000.0
23.73,33.13,-56.0,8056.0,8000.0
23.87,32.96,-56.0,8056.0,8000.0
23.94,33.05,-56.0,8056.0,8000.0
23.8,33.05,-56.0,8056.0,8000.0
23.73,32.8,-56.0,8056.0,8000.0
23.66,32.96,-56.0,8056.0,8000.0
23.66,32.8,-56.0,8056.0,8000.0
23.59,32.88,-56.0,8056.0,8000.0
23.52,32.8,-56.0,8056.0,8000.0
23.52,33.05,-56.0,8056.0,8000.0
23.66,32.96,-56.0,8056.0,8000.0
23.52,33.13,-56.0,8056.0,8000.0
23.52,33.13,-56.0,8056.0,8000.0
23.59,33.21,-56.0,8056.0,8000.0
23.52,33.21,-56.0,8056.0,8000.0
23.52,33.38,-56.0,8056.0,8000.0
23.38,33.13,-56.0,8056.0,8000.0
23.59,32.88,-54.0,8056.0,8000.0
23.59,32.96,-56.0,8056.0,8000.0
23.66,32.8,-56.0,8056.0,8000.0
23.66,32.88,-56.0,8056.0,8000.0
23.59,32.72,-56.0,8056.0,8000.0
23.59,32.3,-54.0,8054.0,8000.0
23.66,32.47,-54.0,8054.0,8000.0
23.66,32.55,-56.0,8056.0,8000.0
23.52,32.47,-56.0,8056.0,8000.0
23.45,32.47,-56.0,8056.0,8000.0
23.45,32.39,-56.0,8056.0,8000.0
23.52,32.47,-56.0,8056.0,8000.0
23.59,32.39,-56.0,8056.0,8000.0
23.59,32.47,-56.0,8056.0,8000.0
23.66,32.47,-56.0,8056.0,8000.0
23.8,32.39,-56.0,8056.0,8000.0
23.73,32.39,-56.0,8056.0,8000.0
23.8,32.47,-56.0,8056.0,8000.0
23.8,32.55,-56.0,8056.0,8000.0
23.8,32.55,-56.0,8056.0,8000.0
23.87,32.55,-56.0,8056.0,8000.0
23.87,32.55,-56.0,8056.0,8000.0
23.87,32.72,-56.0,8056.0,8000.0
23.73,32.63,-54.0,8054.0,8000.0
23.73,32.63,-56.0,8056.0,8000.0
23.8,32.72,-54.0,8054.0,8000.0
23.87,32.63,-56.0,8056.0,8000.0
23.87,32.63,-56.0,8056.0,8000.0
23.8,32.63,-54.0,8054.0,8000.0
23.73,32.39,-54.0,8054.0,8000.0
23.73,32.22,-54.0,8054.0,8000.0
23.73,32.14,-54.0,8054.0,8000.0
23.73,31.89,-54.0,8054.0,8000.0
23.73,31.81,-54.0,8054.0,8000.0
23.66,31.73,-54.0,8054.0,8000.0
23.59,31.65,-54.0,8054.0,8000.0
23.52,31.73,-54.0,8054.0,8000.0
23.45,31.48,-54.0,8054.0,8000.0
23.31,31.16,-54.0,8054.0,8000.0
23.24,31.48,-54.0,8054.0,8000.0
23.24,31.4,-52.0,8052.0,8000.0
23.17,31.0,-54.0,8054.0,8000.0
23.24,30.92,-54.0,8054.0,8000.0
23.17,30.84,-52.0,8052.0,8000.0
23.24,30.84,-54.0,8054.0,8000.0
23.31,30.76,-54.0,8054.0,8000.0
23.31,30.92,-52.0,8052.0,8000.0
23.38,31.0,-52.0,8052.0,8000.0
23.45,31.0,-52.0,8052.0,8000.0
23.45,30.84,-52.0,8052.0,8000.0
23.45,30.68,-52.0,8052.0,8000.0
23.45,30.76,-52.0,8052.0,8000.0
23.59,30.92,-52.0,8052.0,8000.0
23.59,30.92,-50.0,8050.0,8000.0
23.66,30.92,-52.0,8052.0,8000.0
23.73,31.08,-52.0,8052.0,8000.0
23.87,31.24,-52.0,8052.0,8000.0
23.87,31.4,-52.0,8052.0,8000.0
23.94,31.48,-52.0,8052.0,8000.0
23.94,31.4,-52.0,8052.0,8000.0
23.87,31.65,-52.0,8052.0,8000.0
24.01,31.73,-50.0,8050.0,8000.0
24.08,31.73,-52.0,8052.0,8000.0
24.08,31.81,-52.0,8052.0,8000.0
24.08,32.06,-52.0,8052.0,8000.0
24.08,32.06,-52.0,8052.0,8000.0
24.29,31.97,-52.0,8052.0,8000.0
24.22,32.14,-52.0,8052.0,8000.0
24.29,32.3,-52.0,8052.0,8000.0
24.29,32.39,-52.0,8052.0,8000.0
24.65,32.47,-52.0,8052.0,8000.0
24.65,32.55,-52.0,8052.0,8000.0
24.8,32.63,-52.0,8052.0,8000.0
24.87,32.72,-52.0,8052.0,8000.0
24.94,32.8,-50.0,8050.0,8000.0
25.01,32.63,-52.0,8052.0,8000.0
25.09,32.55,-52.0,8052.0,8000.0
25.09,32.47,-52.0,8052.0,8000.0
25.01,32.47,-52.0,8052.0,8000.0
25.09,31.97,-52.0,8052.0,8000.0
24.94,31.97,-52.0,8052.0,8000.0
24.94,31.73,-52.0,8052.0,8000.0
24.94,31.73,-52.0,8052.0,8000.0
24.94,31.73,-52.0,8052.0,8000.0
24.87,31.73,-52.0,8052.0,8000.0
24.87,31.57,-52.0,8052.0,8000.0
24.8,31.32,-52.0,8052.0,8000.0
24.72,31.16,-52.0,8052.0,8000.0
24.65,30.43,-52.0,8052.0,8000.0
24.65,30.43,-52.0,8052.0,8000.0
24.44,29.72,-52.0,8052.0,8000.0
24.29,29.4,-52.0,8052.0,8000.0
24.08,28.77,-52.0,8052.0,8000.0
24.01,28.54,-50.0,8052.0,8000.0
23.8,28.7,-52.0,8052.0,8000.0
23.87,28.7,-52.0,8052.0,8000.0
23.73,28.54,-52.0,8052.0,8000.0
23.59,28.31,-50.0,8050.0,8000.0
23.52,28.08,-50.0,8052.0,8000.0
23.52,28.46,-50.0,8050.0,8000.0
23.52,28.38,-52.0,8052.0,8000.0
23.59,28.23,-50.0,8050.0,8000.0
23.66,28.15,-52.0,8052.0,8000.0
23.73,28.23,-52.0,8052.0,8000.0
23.8,28.23,-52.0,8052.0,8000.0
23.73,28.31,-52.0,8052.0,8000.0
23.8,28.46,-52.0,8052.0,8000.0
23.8,28.31,-50.0,8050.0,8000.0
23.87,28.31,-52.0,8052.0,8000.0
23.94,28.15,-52.0,8052.0,8000.0
23.8,28.15,-52.0,8052.0,8000.0
23.94,28.23,-50.0,8050.0,8000.0
23.8,27.85,-52.0,8052.0,8000.0
23.8,27.77,-52.0,8052.0,8000.0
23.8,27.77,-52.0,8052.0,8000.0
23.73,27.92,-52.0,8052.0,8000.0
23.8,28.23,-52.0,8052.0,8000.0
23.8,28.15,-52.0,8052.0,8000.0
23.87,28.08,-52.0,8052.0,8000.0
23.94,27.92,-50.0,8050.0,8000.0
23.87,28.23,-52.0,8052.0,8000.0
23.94,28.23,-52.0,8052.0,8000.0
23.94,28.23,-52.0,8052.0,8000.0
23.94,28.23,-52.0,8052.0,8000.0
24.01,28.08,-52.0,8052.0,8000.0
23.94,28.08,-52.0,8052.0,8000.0
24.01,28.08,-52.0,8052.0,8000.0
24.08,28.08,-52.0,8052.0,8000.0
24.08,28.0,-52.0,8052.0,8000.0
24.08,28.23,-52.0,8052.0,8000.0
24.15,28.23,-52.0,8052.0,8000.0
24.15,28.46,-52.0,8052.0,8000.0
24.15,28.77,-52.0,8052.0,8000.0
24.22,28.85,-52.0,8052.0,8000.0
24.22,28.85,-52.0,8052.0,8000.0
24.22,28.85,-52.0,8052.0,8000.0
24.15,28.85,-52.0,8052.0,8000.0
24.15,28.7,-52.0,8052.0,8000.0
24.15,28.46,-52.0,8052.0,8000.0
24.15,28.46,-52.0,8052.0,8000.0
24.01,28.38,-52.0,8052.0,8000.0
24.08,28.23,-52.0,8052.0,8000.0
24.01,28.38,-52.0,8052.0,8000.0
23.94,28.38,-52.0,8052.0,8000.0
23.87,28.15,-52.0,8052.0,8000.0
23.73,27.92,-52.0,8052.0,8000.0
23.73,28.31,-52.0,8052.0,8000.0
23.52,28.15,-52.0,8052.0,8000.0
23.52,28.0,-52.0,8052.0,8000.0
23.45,28.08,-52.0,8052.0,8000.0
23.38,28.15,-52.0,8052.0,8000.0
23.17,28.31,-52.0,8052.0,8000.0
23.1,28.54,-52.0,8052.0,8000.0
22.48,28.54,-52.0,8052.0,8000.0
22.41,28.7,-52.0,8052.0,8000.0
22.21,28.7,-52.0,8052.0,8000.0
21.94,29.01,-52.0,8052.0,8000.0
21.81,28.93,-52.0,8052.0,8000.0
21.87,28.7,-52.0,8052.0,8000.0
21.94,29.09,-52.0,8052.0,8000.0
21.81,29.09,-52.0,8052.0,8000.0
21.87,29.16,-50.0,8050.0,8000.0
21.74,29.09,-52.0,8052.0,8000.0
21.74,29.09,-52.0,8052.0,8000.0
21.41,29.09,-52.0,8052.0,8000.0
21.27,29.16,-52.0,8052.0,8000.0
21.14,29.24,-52.0,8052.0,8000.0
20.49,29.72,-52.0,8052.0,8000.0
20.42,30.03,-52.0,8052.0,8000.0
20.29,30.19,-52.0,8052.0,8000.0
20.1,30.19,-52.0,8052.0,8000.0
20.1,30.68,-52.0,8052.0,8000.0
20.1,30.92,-52.0,8052.0,8000.0
20.1,31.16,-52.0,8052.0,8000.0
19.78,31.48,-52.0,8052.0,8000.0
19.91,31.73,-52.0,8052.0,8000.0
19.97,31.81,-52.0,8052.0,8000.0
20.16,32.06,-52.0,8052.0,8000.0
20.16,32.06,-52.0,8052.0,8000.0
20.04,32.14,-52.0,8052.0,8000.0
20.04,32.22,-52.0,8052.0,8000.0
20.04,32.39,-52.0,8052.0,8000.0
19.97,32.47,-52.0,8052.0,8000.0
20.29,32.39,-52.0,8052.0,8000.0
20.29,32.39,-52.0,8052.0,8000.0
20.29,32.96,-52.0,8052.0,8000.0
20.04,32.96,-52.0,8052.0,8000.0
19.84,32.88,-52.0,8052.0,8000.0
19.84,32.8,-52.0,8052.0,8000.0
19.97,32.63,-52.0,8052.0,8000.0
20.04,32.72,-52.0,8052.0,8000.0
19.97,32.72,-52.0,8052.0,8000.0
20.16,32.47,-52.0,8052.0,8000.0
20.23,32.55,-52.0,8052.0,8000.0
20.29,32.55,-52.0,8052.0,8000.0
20.42,32.55,-52.0,8052.0,8000.0
20.36,32.55,-52.0,8052.0,8000.0
20.23,32.63,-52.0,8052.0,8000.0
20.29,32.55,-52.0,8052.0,8000.0
20.29,32.8,-52.0,8052.0,8000.0
20.29,32.88,-52.0,8052.0,8000.0
20.1,32.96,-52.0,8052.0,8000.0
19.91,32.88,-52.0,8052.0,8000.0
19.97,32.96,-52.0,8052.0,8000.0
19.78,32.96,-52.0,8052.0,8000.0
19.59,32.96,-52.0,8052.0,8000.0
19.53,32.96,-48.0,8048.0,8000.0
19.46,32.96,-46.0,8046.0,8000.0
19.34,33.05,-42.0,8042.0,8000.0
19.4,33.05,-40.0,8040.0,8000.0
19.46,33.05,-36.0,8036.0,8000.0
19.34,33.05,-32.0,8032.0,8000.0
19.53,33.05,-28.0,8028.0,8000.0
19.59,33.13,-24.0,8024.0,8000.0
19.65,33.05,-22.0,8022.0,8000.0
19.65,32.96,-20.0,8020.0,8000.0
19.72,32.96,-18.0,8018.0,8000.0
19.97,33.05,-18.0,8018.0,8000.0
20.04,32.88,-18.0,8018.0,8000.0
20.1,32.88,-14.0,8014.0,8000.0
20.23,32.88,-14.0,8014.0,8000.0
20.36,32.88,-14.0,8014.0,8000.0
20.42,32.72,-12.0,8012.0,8000.0
20.42,32.55,-12.0,8012.0,8000.0
20.42,32.55,-10.0,8010.0,8000.0
20.42,32.55,-10.0,8010.0,8000.0
20.49,32.63,-10.0,8010.0,8000.0
20.49,32.55,-8.0,8008.0,8000.0
20.49,32.22,-8.0,8008.0,8000.0
20.49,32.22,-8.0,8008.0,8000.0
20.55,32.22,-8.0,8008.0,8000.0
20.49,32.3,-8.0,8008.0,8000.0
20.49,32.3,-6.0,8006.0,8000.0
20.62,32.47,-8.0,8008.0,8000.0
20.55,32.47,-6.0,8006.0,8000.0
20.55,32.55,-6.0,8006.0,8000.0
20.62,32.47,-6.0,8006.0,8000.0
20.62,32.55,-6.0,8006.0,8000.0
20.68,32.55,-6.0,8006.0,8000.0
20.68,32.55,-6.0,8006.0,8000.0
20.68,32.55,-6.0,8006.0,8000.0
20.75,32.47,-6.0,8006.0,8000.0
20.81,32.55,-6.0,8006.0,8000.0
20.81,32.47,-6.0,8006.0,8000.0
20.88,32.55,-6.0,8006.0,8000.0
20.88,32.55,-6.0,8006.0,8000.0
20.94,32.47,-4.0,8004.0,8000.0
21.08,32.55,-4.0,8004.0,8000.0
21.08,32.47,-4.0,8004.0,8000.0
21.08,32.55,-4.0,8004.0,8000.0
21.14,32.3,-4.0,8004.0,8000.0
21.21,32.3,-4.0,8004.0,8000.0
21.21,32.3,-2.0,8002.0,8000.0
21.14,32.3,-2.0,8002.0,8000.0
21.14,32.3,-2.0,8002.0,8000.0
21.08,32.3,-2.0,8002.0,8000.0
21.14,32.22,-2.0,8002.0,8000.0
21.21,32.3,-2.0,8002.0,8000.0
21.21,32.3,-2.0,8002.0,8000.0
21.34,32.3,-2.0,8002.0,8000.0
21.47,32.39,-2.0,8002.0,8000.0
21.47,32.3,0.0,8000.0,8000.0
21.47,32.47,-2.0,8002.0,8000.0
21.47,32.47,0.0,8000.0,8000.0
21.41,32.55,0.0,8000.0,8000.0
21.41,32.55,0.0,8000.0,8000.0
21.34,32.55,0.0,8000.0,8000.0
21.41,32.55,0.0,8000.0,8000.0
21.34,32.47,0.0,8000.0,8000.0
21.34,32.55,-2.0,8002.0,8000.0
21.34,32.55,0.0,8000.0,8000.0
21.41,32.55,0.0,8000.0,8000.0
21.47,32.55,0.0,8000.0,8000.0
21.54,32.55,0.0,8000.0,8000.0
21.54,32.55,0.0,8000.0,8000.0
21.47,32.55,0.0,8000.0,8000.0
21.47,32.63,0.0,8000.0,8000.0
21.47,32.63,2.0,7998.0,8000.0
21.54,32.55,2.0,7998.0,8000.0
21.54,32.55,2.0,7998.0,8000.0
21.47,32.47,2.0,7998.0,8000.0
21.54,32.39,2.0,7998.0,8000.0
21.47,32.22,4.0,7996.0,8000.0
21.54,32.22,4.0,7996.0,8000.0
21.47,32.22,4.0,7996.0,8000.0
21.54,32.22,4.0,7996.0,8000.0
21.54,32.14,4.0,7996.0,8000.0
21.54,32.14,4.0,7996.0,8000.0
21.54,32.22,4.0,7996.0,8000.0
21.54,32.22,6.0,7994.0,8000.0
21.61,32.22,4.0,7996.0,8000.0
21.61,32.22,6.0,7994.0,8000.0
21.61,32.14,6.0,7994.0,8000.0
21.61,31.97,6.0,7994.0,8000.0
21.61,31.89,4.0,7996.0,8000.0
21.67,31.89,6.0,7994.0,8000.0
21.67,31.65,6.0,7994.0,8000.0
21.61,31.48,6.0,7994.0,8000.0
21.67,31.65,6.0,7994.0,8000.0
21.67,31.57,6.0,7994.0,8000.0
21.74,31.57,6.0,7994.0,8000.0
21.67,31.57,6.0,7994.0,8000.0
21.74,31.57,6.0,7994.0,8000.0
21.74,31.65,8.0,7992.0,8000.0
21.74,31.65,8.0,7992.0,8000.0
21.81,31.65,8.0,7992.0,8000.0
21.81,31.73,8.0,7992.0,8000.0
21.81,31.65,8.0,7992.0,8000.0
21.87,31.57,8.0,7992.0,8000.0
21.87,31.89,8.0,7992.0,8000.0
21.87,31.89,8.0,7992.0,8000.0
21.94,31.97,8.0,7992.0,8000.0
21.87,31.89,10.0,7990.0,8000.0
21.94,31.97,8.0,7992.0,8000.0
21.94,31.97,10.0,7992.0,8000.0
21.94,32.14,8.0,7992.0,8000.0
21.94,32.3,10.0,7990.0,8000.0
21.87,32.55,8.0,7992.0,8000.0
21.87,32.55,10.0,7990.0,8000.0
21.94,32.55,10.0,7990.0,8000.0
22.01,32.63,10.0,7990.0,8000.0
22.08,32.63,10.0,7990.0,8000.0
22.14,32.72,10.0,7990.0,8000.0
22.21,32.8,10.0,7990.0,8000.0
22.21,32.72,10.0,7990.0,8000.0
22.48,32.88,10.0,7990.0,8000.0
22.41,33.13,10.0,7990.0,8000.0
22.48,33.21,10.0,7990.0,8000.0
22.48,33.13,10.0,7990.0,8000.0
22.48,33.13,10.0,7990.0,8000.0
22.55,33.05,10.0,7990.0,8000.0
22.62,32.88,10.0,7990.0,8000.0
22.76,33.21,12.0,7988.0,8000.0
22.76,33.13,12.0,7988.0,8000.0
22.76,33.21,14.0,7986.0,8000.0
22.96,33.21,12.0,7988.0,8000.0
22.89,33.21,14.0,7986.0,8000.0
22.89,33.13,14.0,7986.0,8000.0
22.89,33.05,12.0,7988.0,8000.0
22.89,33.13,12.0,7988.0,8000.0
22.89,33.13,14.0,7986.0,8000.0
22.96,33.13,14.0,7986.0,8000.0
22.82,33.05,14.0,7986.0,8000.0
22.96,33.13,14.0,7986.0,8000.0
22.89,33.13,14.0,7986.0,8000.0
22.96,33.05,14.0,7986.0,8000.0
23.17,33.3,14.0,7986.0,8000.0
23.24,33.3,14.0,7986.0,8000.0
23.24,33.05,14.0,7986.0,8000.0
23.38,33.05,14.0,7986.0,8000.0
23.45,33.13,14.0,7986.0,8000.0
23.52,33.13,14.0,7986.0,8000.0
23.59,33.13,14.0,7986.0,8000.0
23.94,33.38,14.0,7986.0,8000.0
23.94,33.38,14.0,7986.0,8000.0
24.15,33.38,14.0,7986.0,8000.0
24.29,33.3,14.0,7986.0,8000.0
24.22,33.3,14.0,7986.0,8000.0
24.37,33.55,14.0,7986.0,8000.0
24.37,33.38,14.0,7986.0,8000.0
24.44,33.38,14.0,7986.0,8000.0
24.51,33.3,14.0,7986.0,8000.0
24.44,33.3,14.0,7986.0,8000.0
24.44,33.38,14.0,7986.0,8000.0
24.51,33.3,14.0,7986.0,8000.0
24.58,33.3,16.0,7984.0,8000.0
24.44,33.3,16.0,7984.0,8000.0
24.51,33.3,14.0,7986.0,8000.0
24.44,33.3,16.0,7984.0,8000.0
24.29,33.3,16.0,7984.0,15000.0
24.37,32.96,7016.0,7984.0,15000.0
24.37,32.96,6956.0,8044.0,15000.0
24.01,32.8,6818.0,8182.0,15000.0
24.15,32.63,6722.0,8278.0,15000.0
24.15,32.55,6458.0,8542.0,15000.0
24.15,32.3,6276.0,8724.0,15000.0
23.87,32.06,6070.0,8930.0,15000.0
23.8,31.89,5852.0,9148.0,15000.0
23.31,31.16,5670.0,9330.0,15000.0
22.82,31.4,5468.0,9532.0,15000.0
23.17,31.81,5286.0,9714.0,15000.0
23.17,31.24,5100.0,9900.0,15000.0
24.08,31.89,4928.0,10072.0,15000.0
24.29,32.22,4722.0,10278.0,15000.0
25.3,33.13,4550.0,10450.0,15000.0
25.23,33.05,4380.0,10620.0,15000.0
26.11,33.97,4176.0,10824.0,15000.0
28.38,38.15,4014.0,10986.0,15000.0
30.92,41.53,3810.0,11190.0,15000.0
33.21,45.16,3620.0,11380.0,15000.0
36.08,47.69,3436.0,11564.0,15000.0
37.29,49.42,3290.0,11710.0,15000.0
41.1,53.47,3216.0,11784.0,15000.0
43.63,57.1,2938.0,12062.0,15000.0
45.44,62.24,2730.0,12270.0,15000.0
46.28,68.16,2554.0,12446.0,15000.0
47.38,72.96,2370.0,12630.0,15000.0
48.93,77.94,2206.0,12794.0,15000.0
49.81,82.72,2026.0,12974.0,15000.0
51.27,89.94,1870.0,13130.0,15000.0
53.47,93.29,1702.0,13298.0,15000.0
54.13,98.9,1538.0,13462.0,15000.0
55.9,103.07,1392.0,13608.0,15000.0
57.42,105.3,1254.0,13746.0,15000.0
57.75,105.3,1142.0,13858.0,15000.0
57.75,100.94,1082.0,13918.0,15000.0
58.09,103.07,1050.0,13950.0,15000.0
58.09,107.63,1042.0,13958.0,15000.0
58.45,107.63,1044.0,13956.0,15000.0
58.81,112.62,1044.0,13956.0,15000.0
58.45,110.07,1046.0,13954.0,15000.0
60.41,112.62,1050.0,13950.0,15000.0
59.19,112.62,1052.0,13948.0,15000.0
59.58,112.62,1056.0,13944.0,15000.0
61.29,118.09,1056.0,13944.0,15000.0
61.76,121.02,1058.0,13942.0,15000.0
61.76,124.08,1058.0,13942.0,15000.0
60.84,124.08,1060.0,13940.0,15000.0
61.76,121.02,1060.0,13940.0,15000.0
62.24,124.08,1060.0,13940.0,15000.0
61.29,124.08,1062.0,13938.0,15000.0
62.24,121.02,1062.0,13938.0,15000.0
62.24,124.08,1064.0,13936.0,15000.0
61.76,124.08,1064.0,13936.0,15000.0
61.29,127.3,1064.0,13936.0,15000.0
61.29,124.08,1064.0,13936.0,15000.0
61.29,127.3,1066.0,13934.0,15000.0
60.84,130.66,1066.0,13934.0,15000.0
60.84,127.3,1066.0,13934.0,15000.0
61.29,130.66,1064.0,13936.0,15000.0
60.84,134.19,1066.0,13934.0,15000.0
61.29,130.66,1064.0,13936.0,15000.0
61.29,130.66,1066.0,13934.0,15000.0
60.84,130.66,1064.0,13936.0,15000.0
61.29,124.08,1066.0,13934.0,15000.0
61.29,127.3,1064.0,13936.0,15000.0
61.29,130.66,1064.0,13936.0,15000.0
61.29,130.66,1066.0,13934.0,15000.0
61.76,130.66,1064.0,13936.0,15000.0
61.29,134.19,1064.0,13936.0,15000.0
61.29,130.66,1066.0,13934.0,15000.0
60.84,130.66,1066.0,13934.0,15000.0
61.29,130.66,1066.0,13934.0,15000.0
60.84,130.66,1064.0,13936.0,15000.0
60.41,127.3,1064.0,13936.0,15000.0
61.29,127.3,1064.0,13936.0,15000.0
61.29,124.08,1062.0,13938.0,15000.0
59.99,130.66,1062.0,13938.0,15000.0
60.41,127.3,1064.0,13936.0,15000.0
60.84,130.66,1062.0,13938.0,15000.0
60.84,127.3,1062.0,13938.0,15000.0
60.84,124.08,1062.0,13938.0,15000.0
60.84,124.08,1062.0,13938.0,15000.0
60.84,127.3,1064.0,13936.0,15000.0
60.84,127.3,1062.0,13938.0,15000.0
60.84,124.08,1062.0,13938.0,15000.0
60.84,127.3,1060.0,13940.0,15000.0
60.84,127.3,1060.0,13940.0,15000.0
60.84,124.08,1060.0,13940.0,15000.0
60.84,124.08,1060.0,13940.0,15000.0
60.84,127.3,1060.0,13940.0,15000.0
60.41,124.08,1060.0,13940.0,15000.0
60.41,124.08,1060.0,13940.0,15000.0
60.84,124.08,1060.0,13940.0,15000.0
60.84,124.08,1060.0,13940.0,15000.0
60.41,127.3,1058.0,13942.0,15000.0
61.29,124.08,1060.0,13940.0,15000.0
60.84,127.3,1060.0,13940.0,15000.0
60.41,127.3,1058.0,13942.0,15000.0
60.41,127.3,1060.0,13940.0,15000.0
60.41,124.08,1058.0,13942.0,15000.0
60.41,124.08,1058.0,13942.0,15000.0
60.41,124.08,1058.0,13942.0,15000.0
60.41,124.08,1058.0,13942.0,15000.0
60.41,127.3,1058.0,13942.0,15000.0
60.41,127.3,1058.0,13942.0,15000.0
60.84,127.3,1060.0,13940.0,15000.0
60.41,124.08,1060.0,13940.0,15000.0
60.41,124.08,1060.0,13940.0,15000.0
59.99,124.08,1058.0,13942.0,15000.0
60.41,124.08,1058.0,13942.0,15000.0
60.84,121.02,1058.0,13942.0,15000.0
59.99,127.3,1058.0,13942.0,15000.0
59.99,127.3,1058.0,13942.0,15000.0
59.99,127.3,1058.0,13942.0,15000.0
59.99,124.08,1058.0,13942.0,15000.0
59.99,124.08,1058.0,13942.0,15000.0
59.99,127.3,1058.0,13942.0,15000.0
60.41,124.08,1058.0,13942.0,15000.0
59.99,124.08,1058.0,13942.0,15000.0
60.41,124.08,1058.0,13942.0,15000.0
60.84,124.08,1058.0,13942.0,15000.0
59.99,124.08,1058.0,13942.0,15000.0
60.41,124.08,1056.0,13944.0,15000.0
59.99,124.08,1058.0,13942.0,15000.0
59.99,124.08,1058.0,13942.0,15000.0
60.41,127.3,1058.0,13942.0,15000.0
60.41,124.08,1058.0,13942.0,15000.0
60.41,124.08,1056.0,13944.0,15000.0
60.41,124.08,1058.0,13942.0,15000.0
59.99,124.08,1056.0,13944.0,15000.0
60.41,121.02,1056.0,13944.0,15000.0
60.41,124.08,1058.0,13942.0,15000.0
60.84,127.3,1056.0,13944.0,15000.0
59.99,124.08,1054.0,13946.0,15000.0
59.99,124.08,1056.0,13944.0,15000.0
59.99,124.08,1056.0,13944.0,15000.0
60.84,124.08,1054.0,13946.0,15000.0
60.41,124.08,1054.0,13946.0,15000.0
60.41,121.02,1052.0,13948.0,15000.0
59.99,127.3,1052.0,13948.0,15000.0
60.84,124.08,1052.0,13948.0,15000.0
60.84,124.08,1052.0,13948.0,15000.0
60.84,124.08,1054.0,13946.0,15000.0
60.41,124.08,1052.0,13948.0,15000.0
60.84,121.02,1050.0,13950.0,15000.0
59.99,124.08,1052.0,13948.0,15000.0
60.41,124.08,1050.0,13950.0,15000.0
60.41,121.02,1048.0,13952.0,15000.0
60.41,124.08,1050.0,13950.0,15000.0
60.84,124.08,1050.0,13950.0,15000.0
60.41,124.08,1048.0,13952.0,15000.0
59.99,124.08,1048.0,13952.0,15000.0
60.41,121.02,1048.0,13952.0,15000.0
59.99,124.08,1048.0,13952.0,15000.0
60.41,121.02,1048.0,13952.0,15000.0
60.41,124.08,1048.0,13952.0,15000.0
60.41,124.08,1048.0,13952.0,15000.0
60.41,124.08,1050.0,13952.0,15000.0
60.84,121.02,1048.0,13952.0,15000.0
60.84,121.02,1048.0,13952.0,15000.0
60.41,121.02,1048.0,13952.0,15000.0
59.99,121.02,1048.0,13952.0,15000.0
59.99,121.02,1046.0,13954.0,15000.0
60.41,121.02,1048.0,13952.0,15000.0
60.41,121.02,1048.0,13952.0,15000.0
59.99,121.02,1046.0,13954.0,15000.0
59.99,121.02,1046.0,13954.0,15000.0
60.84,121.02,1044.0,13956.0,15000.0
60.41,121.02,1044.0,13956.0,15000.0
59.99,121.02,1044.0,13956.0,15000.0
59.99,124.08,1044.0,13956.0,15000.0
59.99,121.02,1042.0,13958.0,15000.0
60.41,121.02,1042.0,13958.0,15000.0
60.41,124.08,1044.0,13956.0,15000.0
60.41,121.02,1042.0,13958.0,15000.0
59.99,124.08,1042.0,13958.0,15000.0
59.99,121.02,1042.0,13958.0,15000.0
59.99,121.02,1042.0,13958.0,15000.0
59.99,121.02,1042.0,13958.0,15000.0
59.99,121.02,1040.0,13960.0,15000.0
60.41,124.08,1042.0,13958.0,15000.0
59.99,124.08,1040.0,13960.0,15000.0
59.99,121.02,1040.0,13960.0,15000.0
59.58,121.02,1040.0,13960.0,15000.0
60.41,124.08,1040.0,13960.0,15000.0
60.84,124.08,1040.0,13960.0,15000.0
59.99,124.08,1040.0,13960.0,15000.0
59.99,118.09,1040.0,13960.0,15000.0
60.41,121.02,1040.0,13960.0,15000.0
60.41,121.02,1040.0,13960.0,15000.0
59.99,121.02,1040.0,13960.0,15000.0
59.99,121.02,1040.0,13960.0,15000.0
59.99,118.09,1038.0,13962.0,15000.0
59.99,118.09,1038.0,13962.0,15000.0
60.84,118.09,1040.0,13960.0,15000.0
60.84,121.02,1040.0,13960.0,15000.0
59.99,118.09,1040.0,13960.0,15000.0
59.99,118.09,1038.0,13962.0,15000.0
60.41,118.09,1038.0,13962.0,15000.0
59.99,118.09,1038.0,13962.0,15000.0
59.99,121.02,1040.0,13960.0,15000.0
59.99,118.09,1040.0,13960.0,15000.0
59.99,121.02,1040.0,13960.0,15000.0
59.99,115.29,1038.0,13962.0,15000.0
59.99,115.29,1038.0,13962.0,15000.0
59.99,121.02,1038.0,13962.0,15000.0
59.99,115.29,1038.0,13962.0,15000.0
59.99,118.09,1038.0,13962.0,15000.0
59.58,115.29,1038.0,13962.0,15000.0
59.99,118.09,1040.0,13960.0,15000.0
59.58,115.29,1040.0,13960.0,15000.0
59.19,115.29,1040.0,13960.0,15000.0
59.58,121.02,1038.0,13962.0,15000.0
59.19,118.09,1036.0,13964.0,15000.0
59.19,118.09,1038.0,13962.0,15000.0
59.58,115.29,1036.0,13964.0,15000.0
59.99,118.09,1038.0,13962.0,15000.0
59.58,115.29,1038.0,13962.0,15000.0
59.19,121.02,1038.0,13962.0,15000.0
59.19,118.09,1036.0,13964.0,15000.0
59.58,118.09,1036.0,13964.0,15000.0
59.58,121.02,1036.0,13964.0,15000.0
58.81,115.29,1036.0,13964.0,15000.0
59.19,115.29,1034.0,13966.0,15000.0
59.19,115.29,1034.0,13966.0,15000.0
59.58,112.62,1032.0,13968.0,15000.0
58.81,115.29,1034.0,13966.0,15000.0
58.81,115.29,1032.0,13968.0,15000.0
59.19,112.62,1032.0,13968.0,15000.0
58.81,112.62,1032.0,13968.0,15000.0
58.81,112.62,1032.0,13968.0,15000.0
59.19,115.29,1032.0,13968.0,15000.0
59.19,112.62,1034.0,13966.0,15000.0
59.19,115.29,1032.0,13968.0,15000.0
59.19,118.09,1032.0,13968.0,15000.0
59.19,115.29,1032.0,13968.0,15000.0
59.19,115.29,1030.0,13970.0,15000.0
58.81,115.29,1030.0,13970.0,15000.0
59.58,115.29,1032.0,13968.0,15000.0
59.19,115.29,1030.0,13970.0,15000.0
59.58,115.29,1032.0,13968.0,15000.0
59.19,115.29,1032.0,13968.0,15000.0
59.58,115.29,1030.0,13970.0,15000.0
59.19,115.29,1032.0,13968.0,15000.0
59.19,115.29,1030.0,13970.0,15000.0
59.19,118.09,1032.0,13968.0,15000.0
59.19,112.62,1030.0,13970.0,15000.0
59.58,118.09,1032.0,13968.0,15000.0
59.58,115.29,1030.0,13970.0,15000.0
59.58,115.29,1030.0,13970.0,15000.0
59.19,115.29,1032.0,13968.0,15000.0
59.19,118.09,1030.0,13970.0,15000.0
59.58,112.62,1030.0,13970.0,15000.0
59.19,115.29,1030.0,13970.0,15000.0
59.19,118.09,1030.0,13970.0,15000.0
59.58,112.62,1032.0,13968.0,15000.0
59.19,118.09,1030.0,13970.0,15000.0
59.19,115.29,1032.0,13968.0,15000.0
59.19,115.29,1030.0,13970.0,15000.0
58.81,121.02,1030.0,13970.0,15000.0
59.19,115.29,1030.0,13970.0,15000.0
59.58,115.29,1030.0,13970.0,15000.0
59.19,115.29,1030.0,13970.0,15000.0
59.19,118.09,1030.0,13970.0,15000.0
59.19,115.29,1030.0,13970.0,15000.0
58.81,115.29,1030.0,13970.0,15000.0
59.19,115.29,1030.0,13970.0,15000.0
59.19,118.09,1030.0,13970.0,15000.0
58.81,115.29,1030.0,13970.0,15000.0
59.19,115.29,1030.0,13970.0,15000.0
59.19,115.29,1030.0,13970.0,15000.0
59.19,118.09,1030.0,13970.0,15000.0
59.19,115.29,1030.0,13970.0,15000.0
59.19,115.29,1030.0,13970.0,15000.0
59.19,112.62,1030.0,13970.0,15000.0
58.45,115.29,1030.0,13970.0,15000.0
58.81,115.29,1030.0,13970.0,15000.0
59.19,115.29,1030.0,13970.0,15000.0
58.81,115.29,1030.0,13970.0,15000.0
58.45,115.29,1030.0,13970.0,15000.0
58.45,115.29,1030.0,13970.0,15000.0
58.45,118.09,1030.0,13970.0,15000.0
58.81,112.62,1030.0,13970.0,15000.0
58.45,115.29,1030.0,13970.0,15000.0
58.81,112.62,1030.0,13970.0,15000.0
58.45,112.62,1030.0,13970.0,15000.0
58.81,112.62,1030.0,13970.0,15000.0
58.81,115.29,1028.0,13972.0,15000.0
58.81,112.62,1028.0,13972.0,15000.0
58.81,110.07,1028.0,13972.0,15000.0
58.45,112.62,1028.0,13972.0,15000.0
58.45,112.62,1028.0,13972.0,15000.0
58.09,112.62,1030.0,13970.0,15000.0
58.45,115.29,1028.0,13972.0,15000.0
58.45,112.62,1028.0,13972.0,15000.0
58.45,112.62,1028.0,13972.0,15000.0
58.45,110.07,1028.0,13972.0,15000.0
58.45,112.62,1026.0,13974.0,15000.0
58.09,112.62,1028.0,13972.0,15000.0
58.45,115.29,1026.0,13974.0,15000.0
58.09,112.62,1026.0,13974.0,15000.0
58.45,112.62,1026.0,13974.0,15000.0
58.45,112.62,1024.0,13976.0,15000.0
58.09,112.62,1024.0,13976.0,15000.0
58.09,115.29,1026.0,13974.0,15000.0
57.75,115.29,1024.0,13976.0,15000.0
58.45,110.07,1024.0,13976.0,15000.0
58.09,112.62,1022.0,13978.0,15000.0
58.09,112.62,1022.0,13978.0,15000.0
57.75,110.07,1024.0,13976.0,15000.0
58.45,112.62,1024.0,13976.0,15000.0
58.09,115.29,1022.0,13978.0,15000.0
58.09,112.62,1022.0,13978.0,15000.0
58.09,112.62,1022.0,13978.0,15000.0
58.09,112.62,1022.0,13978.0,15000.0
58.09,110.07,1022.0,13978.0,15000.0
57.75,112.62,1020.0,13980.0,15000.0
57.75,112.62,1022.0,13978.0,15000.0
57.75,110.07,1020.0,13980.0,15000.0
58.09,112.62,1020.0,13980.0,15000.0
58.09,112.62,1020.0,13980.0,15000.0
57.75,110.07,1020.0,13980.0,15000.0
57.75,112.62,1020.0,13980.0,15000.0
57.42,112.62,1020.0,13980.0,15000.0
57.75,110.07,1018.0,13982.0,15000.0
57.75,110.07,1018.0,13982.0,15000.0
57.75,112.62,1018.0,13982.0,15000.0
57.75,110.07,1018.0,13982.0,15000.0
57.42,110.07,1018.0,13982.0,15000.0
57.42,107.63,1018.0,13982.0,15000.0
57.75,107.63,1018.0,13982.0,15000.0
57.1,105.3,1020.0,13980.0,15000.0
56.78,107.63,1018.0,13982.0,15000.0
57.1,105.3,1020.0,13980.0,15000.0
56.48,107.63,1018.0,13982.0,15000.0
56.48,105.3,1018.0,13982.0,15000.0
56.78,103.07,1018.0,13982.0,15000.0
56.48,105.3,1018.0,13982.0,15000.0
56.78,105.3,1018.0,13982.0,15000.0
56.19,107.63,1018.0,13982.0,15000.0
56.48,105.3,1018.0,13982.0,15000.0
56.19,105.3,1018.0,13982.0,15000.0
56.19,105.3,1018.0,13982.0,15000.0
55.9,105.3,1018.0,13982.0,15000.0
55.9,105.3,1018.0,13982.0,15000.0
56.19,103.07,1018.0,13982.0,15000.0
56.19,105.3,1020.0,13980.0,15000.0
55.9,103.07,1018.0,13982.0,15000.0
56.19,100.94,1018.0,13982.0,15000.0
56.19,103.07,1018.0,13982.0,15000.0
55.63,103.07,1018.0,13982.0,15000.0
55.9,105.3,1018.0,13982.0,15000.0
55.63,105.3,1018.0,13982.0,15000.0
55.63,103.07,1020.0,13980.0,15000.0
55.9,100.94,1018.0,13982.0,15000.0
55.9,103.07,1018.0,13982.0,15000.0
55.63,103.07,1018.0,13982.0,15000.0
55.9,103.07,1018.0,13982.0,15000.0
55.9,103.07,1018.0,13982.0,15000.0
55.63,107.63,1018.0,13982.0,15000.0
55.63,103.07,1018.0,13982.0,15000.0
55.63,105.3,1018.0,13982.0,15000.0
56.19,103.07,1020.0,13980.0,15000.0
56.19,103.07,1018.0,13982.0,15000.0
55.9,100.94,1018.0,13982.0,15000.0
55.63,103.07,1020.0,13980.0,15000.0
55.36,105.3,1018.0,13982.0,15000.0
55.63,105.3,1018.0,13982.0,15000.0
55.63,105.3,1018.0,13982.0,15000.0
55.9,103.07,1018.0,13982.0,15000.0
55.9,105.3,1018.0,13982.0,15000.0
55.9,103.07,1018.0,13982.0,15000.0
55.63,103.07,1018.0,13982.0,15000.0
55.9,103.07,1016.0,13984.0,15000.0
55.63,103.07,1016.0,13984.0,15000.0
55.9,103.07,1016.0,13984.0,15000.0
55.63,103.07,1016.0,13984.0,15000.0
55.63,103.07,1016.0,13984.0,15000.0
55.9,103.07,1016.0,13984.0,15000.0
55.63,100.94,1016.0,13984.0,15000.0
55.9,103.07,1016.0,13984.0,15000.0
55.63,103.07,1014.0,13986.0,15000.0
55.63,103.07,1016.0,13984.0,15000.0
55.9,103.07,1014.0,13986.0,15000.0
55.63,100.94,1014.0,13986.0,15000.0
55.63,103.07,1014.0,13986.0,15000.0
55.63,105.3,1012.0,13988.0,15000.0
55.63,100.94,1012.0,13986.0,15000.0
55.63,103.07,1012.0,13988.0,15000.0
55.63,100.94,1012.0,13988.0,15000.0
55.63,103.07,1012.0,13988.0,15000.0
55.9,103.07,1012.0,13988.0,15000.0
55.9,103.07,1010.0,13990.0,15000.0
55.9,103.07,1012.0,13988.0,15000.0
55.63,103.07,1012.0,13988.0,15000.0
55.9,105.3,1010.0,13990.0,15000.0
55.63,100.94,1010.0,13990.0,15000.0
55.63,103.07,1010.0,13990.0,15000.0
55.9,103.07,1012.0,13988.0,15000.0
55.63,100.94,1010.0,13990.0,15000.0
55.63,103.07,1012.0,13988.0,15000.0
55.9,103.07,1012.0,13988.0,15000.0
55.63,103.07,1012.0,13988.0,15000.0
55.63,103.07,1012.0,13988.0,15000.0
55.9,103.07,1010.0,13990.0,15000.0
55.63,103.07,1012.0,13988.0,15000.0
55.63,103.07,1010.0,13990.0,15000.0
55.63,103.07,1012.0,13988.0,15000.0
55.9,100.94,1012.0,13988.0,15000.0
55.9,103.07,1012.0,13988.0,15000.0
55.63,105.3,1010.0,13990.0,15000.0
55.9,103.07,1012.0,13988.0,15000.0
55.9,100.94,1012.0,13988.0,15000.0
56.19,103.07,1010.0,13990.0,15000.0
55.9,103.07,1012.0,13988.0,15000.0
55.9,103.07,1010.0,13990.0,15000.0
55.9,107.63,1012.0,13988.0,15000.0
55.9,105.3,1010.0,13990.0,15000.0
55.9,103.07,1010.0,13990.0,15000.0
55.9,105.3,1012.0,13988.0,15000.0
55.9,103.07,1012.0,13988.0,15000.0
55.9,103.07,1010.0,13990.0,15000.0
56.19,103.07,1012.0,13988.0,15000.0
55.9,105.3,1012.0,13988.0,15000.0
55.9,103.07,1012.0,13988.0,15000.0
55.9,103.07,1010.0,13990.0,15000.0
55.9,105.3,1010.0,13990.0,15000.0
56.19,100.94,1010.0,13990.0,15000.0
56.19,105.3,1012.0,13988.0,15000.0
55.9,100.94,1010.0,13990.0,15000.0
55.9,100.94,1010.0,13990.0,15000.0
55.63,103.07,1010.0,13990.0,15000.0
56.19,103.07,1012.0,13988.0,15000.0
55.9,100.94,1010.0,13990.0,15000.0
56.48,105.3,1010.0,13990.0,15000.0
56.19,100.94,1010.0,13990.0,15000.0
55.9,105.3,1010.0,13990.0,15000.0
55.63,100.94,1010.0,13988.0,15000.0
56.19,100.94,1010.0,13990.0,15000.0
56.19,103.07,1010.0,13990.0,15000.0
56.19,100.94,1010.0,13990.0,15000.0
55.63,103.07,1012.0,13988.0,15000.0
55.9,103.07,1012.0,13988.0,15000.0
55.63,105.3,1012.0,13988.0,15000.0
55.9,105.3,1010.0,13990.0,15000.0
55.63,103.07,1010.0,13990.0,15000.0
55.9,100.94,1010.0,13990.0,15000.0
56.19,100.94,1010.0,13990.0,15000.0
56.19,105.3,1010.0,13990.0,15000.0
55.9,103.07,1012.0,13988.0,15000.0
55.9,103.07,1010.0,13990.0,15000.0
55.9,100.94,1010.0,13990.0,15000.0
56.19,103.07,1012.0,13988.0,15000.0
55.63,105.3,1010.0,13990.0,15000.0
56.19,103.07,1010.0,13990.0,15000.0
55.9,103.07,1010.0,13990.0,15000.0
55.9,100.94,1010.0,13990.0,15000.0
55.9,103.07,1010.0,13990.0,15000.0
55.63,103.07,1010.0,13990.0,15000.0
55.9,100.94,1010.0,13990.0,15000.0
55.9,100.94,1010.0,13990.0,15000.0
55.9,100.94,1010.0,13990.0,15000.0
55.63,103.07,1012.0,13988.0,15000.0
55.63,100.94,1010.0,13990.0,15000.0
55.63,100.94,1012.0,13988.0,15000.0
55.9,103.07,1010.0,13990.0,15000.0
55.9,103.07,1010.0,13990.0,15000.0
56.19,100.94,1010.0,13990.0,15000.0
55.9,100.94,1010.0,13990.0,15000.0
55.9,100.94,1010.0,13990.0,15000.0
55.9,100.94,1010.0,13990.0,15000.0
55.9,98.9,1010.0,13990.0,15000.0
55.9,100.94,1012.0,13988.0,15000.0
55.9,98.9,1012.0,13988.0,15000.0
55.9,98.9,1010.0,13990.0,15000.0
55.9,100.94,1012.0,13988.0,15000.0
55.9,100.94,1010.0,13990.0,15000.0
55.63,100.94,1010.0,13990.0,15000.0
55.9,100.94,1010.0,13990.0,15000.0
55.9,98.9,1010.0,13990.0,15000.0
55.9,98.9,1010.0,13990.0,15000.0
55.9,100.94,1010.0,13990.0,15000.0
55.9,100.94,1010.0,13990.0,15000.0
55.63,100.94,1010.0,13990.0,15000.0
55.9,100.94,1010.0,13990.0,15000.0
55.9,100.94,1012.0,13988.0,15000.0
55.9,100.94,1010.0,13990.0,15000.0
55.63,100.94,1010.0,13990.0,15000.0
55.9,98.9,1010.0,13990.0,15000.0
55.9,100.94,1010.0,13990.0,15000.0
55.63,100.94,1010.0,13990.0,15000.0
55.63,100.94,1010.0,13990.0,15000.0
55.63,103.07,1010.0,13990.0,15000.0
55.63,98.9,1010.0,13990.0,15000.0
55.63,98.9,1010.0,13990.0,15000.0
55.63,100.94,1010.0,13990.0,15000.0
55.63,100.94,1010.0,13990.0,15000.0
55.36,98.9,1010.0,13990.0,15000.0
55.36,100.94,1010.0,13990.0,15000.0
55.63,98.9,1012.0,13988.0,15000.0
55.9,100.94,1010.0,13990.0,15000.0
55.63,100.94,1010.0,13990.0,15000.0
55.63,100.94,1010.0,13990.0,15000.0
55.63,100.94,1010.0,13990.0,15000.0
55.63,100.94,1010.0,13990.0,15000.0
55.63,100.94,1010.0,13990.0,15000.0
55.9,98.9,1012.0,13988.0,15000.0
55.63,103.07,1010.0,13990.0,15000.0
55.36,98.9,1010.0,13990.0,15000.0
55.36,100.94,1010.0,13990.0,15000.0
55.36,103.07,1010.0,13990.0,15000.0
55.1,98.9,1010.0,13990.0,15000.0
55.36,96.95,1010.0,13990.0,15000.0
55.36,98.9,1012.0,13988.0,15000.0
55.1,96.95,1010.0,13990.0,15000.0
54.85,98.9,1010.0,13990.0,15000.0
54.85,96.95,1010.0,13990.0,15000.0
54.85,95.08,1010.0,13990.0,15000.0
54.85,98.9,1012.0,13988.0,15000.0
54.85,98.9,1010.0,13990.0,15000.0
54.85,98.9,1010.0,13990.0,15000.0
54.36,95.08,1010.0,13990.0,15000.0
54.6,96.95,1010.0,13990.0,15000.0
54.6,95.08,1010.0,13990.0,15000.0
54.6,95.08,1010.0,13990.0,15000.0
54.36,95.08,1010.0,13990.0,15000.0
54.36,93.29,1010.0,13990.0,15000.0
54.36,93.29,1010.0,13990.0,15000.0
54.13,93.29,1010.0,13990.0,15000.0
54.6,93.29,1010.0,13990.0,15000.0
54.36,93.29,1010.0,13990.0,15000.0
54.36,91.58,1010.0,13990.0,15000.0
54.13,93.29,1010.0,13990.0,15000.0
54.13,91.58,1010.0,13990.0,15000.0
53.9,91.58,1010.0,13990.0,15000.0
54.13,89.94,1010.0,13990.0,15000.0
54.13,88.37,1010.0,13990.0,15000.0
53.9,88.37,1010.0,13990.0,15000.0
53.9,86.87,1010.0,13990.0,15000.0
53.68,88.37,1010.0,13990.0,15000.0
53.9,86.87,1010.0,13990.0,15000.0
53.68,88.37,1012.0,13988.0,15000.0
53.9,86.87,1010.0,13990.0,15000.0
53.9,88.37,1010.0,13990.0,15000.0
53.68,88.37,1010.0,13990.0,15000.0
53.9,88.37,1010.0,13990.0,15000.0
53.9,88.37,1010.0,13990.0,15000.0
53.9,89.94,1010.0,13990.0,15000.0
53.9,88.37,1010.0,13990.0,15000.0
53.9,86.87,1010.0,13990.0,15000.0
53.9,88.37,1010.0,13990.0,15000.0
53.9,89.94,1010.0,13990.0,15000.0
53.9,89.94,1010.0,13990.0,15000.0
53.9,88.37,1010.0,13990.0,15000.0
53.68,88.37,1010.0,13990.0,15000.0
53.9,89.94,1010.0,13990.0,15000.0
53.68,88.37,1010.0,13990.0,15000.0
53.68,89.94,1010.0,13990.0,15000.0
53.68,89.94,1010.0,13990.0,15000.0
53.47,88.37,1010.0,13990.0,15000.0
54.13,89.94,1010.0,13990.0,15000.0
53.68,86.87,1010.0,13990.0,15000.0
53.47,88.37,1012.0,13988.0,15000.0
54.13,88.37,1010.0,13990.0,15000.0
54.13,89.94,1010.0,13990.0,15000.0
53.68,89.94,1010.0,13990.0,15000.0
53.68,88.37,1010.0,13990.0,15000.0
53.9,88.37,1010.0,13990.0,15000.0
53.9,86.87,1010.0,13990.0,15000.0
53.68,89.94,1010.0,13990.0,15000.0
54.13,89.94,1010.0,13990.0,15000.0
53.9,88.37,1010.0,13990.0,15000.0
53.9,89.94,1010.0,13990.0,15000.0
53.9,89.94,1010.0,13990.0,15000.0
53.9,89.94,1010.0,13990.0,15000.0
54.13,89.94,1010.0,13990.0,15000.0
53.9,88.37,1010.0,13990.0,15000.0
54.13,88.37,1010.0,13990.0,15000.0
54.13,89.94,1010.0,13990.0,15000.0
54.13,89.94,1010.0,13990.0,15000.0
54.13,89.94,1010.0,13990.0,15000.0
53.9,89.94,1010.0,13990.0,15000.0
54.36,89.94,1010.0,13990.0,15000.0
54.13,89.94,1010.0,13990.0,15000.0
54.13,91.58,1010.0,13990.0,15000.0
54.13,89.94,1010.0,13990.0,15000.0
54.13,89.94,1010.0,13990.0,15000.0
53.9,91.58,1010.0,13990.0,15000.0
54.13,91.58,1010.0,13990.0,15000.0
54.36,89.94,1010.0,13990.0,15000.0
54.36,91.58,1010.0,13990.0,15000.0
54.13,91.58,1010.0,13990.0,15000.0
53.9,91.58,1010.0,13990.0,15000.0
53.9,91.58,1010.0,13990.0,15000.0
53.9,89.94,1010.0,13990.0,15000.0
54.13,88.37,1010.0,13990.0,15000.0
54.13,89.94,1010.0,13990.0,15000.0
53.9,89.94,1010.0,13990.0,15000.0
